0.000,"Info","2021-04-23 05:05:33","Service 'E_ymaze_droso' : Execution start"
0.000,"Info","Subject Identification","Z5B0E17_B_220421_15"
0.000,"Info","Apparatus","Zantiks MWP Unit"
0.000,"Info","Unit ID","5B0E17"
"TIME","","","ARENA","ACTION","ZONE"
601.302,"Info","Arena",1,"Enter_Zone",4
601.302,"Info","Arena",2,"Enter_Zone",3
601.302,"Info","Arena",4,"Enter_Zone",2
601.302,"Info","Arena",6,"Enter_Zone",1
601.302,"Info","Arena",7,"Enter_Zone",3
601.302,"Info","Arena",8,"Enter_Zone",4
601.302,"Info","Arena",9,"Enter_Zone",1
601.302,"Info","Arena",11,"Enter_Zone",1
601.302,"Info","Arena",12,"Enter_Zone",2
601.302,"Info","Arena",13,"Enter_Zone",2
601.302,"Info","Arena",15,"Enter_Zone",4
601.371,"Info","Arena",3,"Enter_Zone",4
604.335,"Info","Arena",15,"Exit_Zone",4
604.335,"Info","Arena",15,"Enter_Zone",1
604.370,"Info","Arena",15,"Exit_Zone",1
604.370,"Info","Arena",15,"Enter_Zone",4
604.402,"Info","Arena",15,"Exit_Zone",4
604.402,"Info","Arena",15,"Enter_Zone",1
604.435,"Info","Arena",15,"Exit_Zone",1
604.435,"Info","Arena",15,"Enter_Zone",4
604.537,"Info","Arena",15,"Exit_Zone",4
604.537,"Info","Arena",15,"Enter_Zone",1
672.589,"Info","Arena",10,"Enter_Zone",4
690.719,"Info","Arena",12,"Exit_Zone",2
690.719,"Info","Arena",12,"Enter_Zone",4
692.618,"Info","Arena",8,"Exit_Zone",4
692.618,"Info","Arena",8,"Enter_Zone",1
692.687,"Info","Arena",8,"Exit_Zone",1
692.687,"Info","Arena",8,"Enter_Zone",4
692.854,"Info","Arena",8,"Exit_Zone",4
692.854,"Info","Arena",8,"Enter_Zone",1
692.885,"Info","Arena",8,"Exit_Zone",1
692.885,"Info","Arena",8,"Enter_Zone",4
693.085,"Info","Arena",8,"Exit_Zone",4
693.085,"Info","Arena",8,"Enter_Zone",1
693.152,"Info","Arena",8,"Exit_Zone",1
693.152,"Info","Arena",8,"Enter_Zone",4
693.386,"Info","Arena",8,"Exit_Zone",4
693.386,"Info","Arena",8,"Enter_Zone",1
693.418,"Info","Arena",8,"Exit_Zone",1
693.418,"Info","Arena",8,"Enter_Zone",4
693.520,"Info","Arena",8,"Exit_Zone",4
693.520,"Info","Arena",8,"Enter_Zone",1
693.618,"Info","Arena",8,"Exit_Zone",1
693.618,"Info","Arena",8,"Enter_Zone",4
693.652,"Info","Arena",8,"Exit_Zone",4
693.652,"Info","Arena",8,"Enter_Zone",1
693.687,"Info","Arena",8,"Exit_Zone",1
693.687,"Info","Arena",8,"Enter_Zone",4
693.751,"Info","Arena",8,"Exit_Zone",4
693.751,"Info","Arena",8,"Enter_Zone",1
702.352,"Info","Arena",12,"Exit_Zone",4
702.352,"Info","Arena",12,"Enter_Zone",1
874.217,"Info","Arena",12,"Exit_Zone",1
874.217,"Info","Arena",12,"Enter_Zone",4
878.183,"Info","Arena",3,"Exit_Zone",4
878.183,"Info","Arena",3,"Enter_Zone",3
878.217,"Info","Arena",3,"Exit_Zone",3
878.217,"Info","Arena",3,"Enter_Zone",4
879.350,"Info","Arena",3,"Exit_Zone",4
879.350,"Info","Arena",3,"Enter_Zone",3
881.849,"Info","Arena",12,"Exit_Zone",4
881.849,"Info","Arena",12,"Enter_Zone",2
894.214,"Info","Arena",12,"Exit_Zone",2
894.214,"Info","Arena",12,"Enter_Zone",4
918.509,"Info","Arena",5,"Enter_Zone",3
927.374,"Info","Arena",12,"Exit_Zone",4
927.374,"Info","Arena",12,"Enter_Zone",3
927.408,"Info","Arena",12,"Exit_Zone",3
927.408,"Info","Arena",12,"Enter_Zone",4
927.441,"Info","Arena",12,"Exit_Zone",4
927.441,"Info","Arena",12,"Enter_Zone",3
927.541,"Info","Arena",12,"Exit_Zone",3
927.541,"Info","Arena",12,"Enter_Zone",4
928.741,"Info","Arena",12,"Exit_Zone",4
928.741,"Info","Arena",12,"Enter_Zone",3
930.174,"Info","Arena",12,"Exit_Zone",3
930.174,"Info","Arena",12,"Enter_Zone",4
959.435,"Info","Arena",12,"Exit_Zone",4
959.435,"Info","Arena",12,"Enter_Zone",3
1016.024,"Info","Arena",10,"Exit_Zone",4
1016.024,"Info","Arena",10,"Enter_Zone",2
1016.057,"Info","Arena",10,"Exit_Zone",2
1016.057,"Info","Arena",10,"Enter_Zone",4
1020.292,"Info","Arena",10,"Exit_Zone",4
1020.292,"Info","Arena",10,"Enter_Zone",2
1020.323,"Info","Arena",10,"Exit_Zone",2
1020.323,"Info","Arena",10,"Enter_Zone",4
1021.490,"Info","Arena",10,"Exit_Zone",4
1021.490,"Info","Arena",10,"Enter_Zone",2
1021.523,"Info","Arena",10,"Exit_Zone",2
1021.523,"Info","Arena",10,"Enter_Zone",4
1021.656,"Info","Arena",10,"Exit_Zone",4
1021.656,"Info","Arena",10,"Enter_Zone",2
1021.690,"Info","Arena",10,"Exit_Zone",2
1021.690,"Info","Arena",10,"Enter_Zone",4
1021.990,"Info","Arena",10,"Exit_Zone",4
1021.990,"Info","Arena",10,"Enter_Zone",2
1097.742,"Info","Arena",5,"Exit_Zone",3
1097.742,"Info","Arena",5,"Enter_Zone",4
1143.800,"Info","Arena",12,"Exit_Zone",3
1143.800,"Info","Arena",12,"Enter_Zone",4
1148.399,"Info","Arena",12,"Exit_Zone",4
1148.399,"Info","Arena",12,"Enter_Zone",1
1156.231,"Info","Arena",12,"Exit_Zone",1
1156.231,"Info","Arena",12,"Enter_Zone",4
1161.530,"Info","Arena",5,"Exit_Zone",4
1161.530,"Info","Arena",5,"Enter_Zone",2
1162.996,"Info","Arena",12,"Exit_Zone",4
1162.996,"Info","Arena",12,"Enter_Zone",2
1165.029,"Info","Arena",12,"Exit_Zone",2
1165.029,"Info","Arena",12,"Enter_Zone",4
1172.328,"Info","Arena",12,"Exit_Zone",4
1172.328,"Info","Arena",12,"Enter_Zone",1
1262.611,"Info","Arena",12,"Exit_Zone",1
1262.611,"Info","Arena",12,"Enter_Zone",4
1267.677,"Info","Arena",12,"Exit_Zone",4
1267.677,"Info","Arena",12,"Enter_Zone",1
1278.708,"Info","Arena",11,"Exit_Zone",1
1278.708,"Info","Arena",11,"Enter_Zone",4
1286.840,"Info","Arena",12,"Exit_Zone",1
1286.840,"Info","Arena",12,"Enter_Zone",4
1301.804,"Info","Arena",15,"Exit_Zone",1
1301.804,"Info","Arena",15,"Enter_Zone",4
1307.003,"Info","Arena",11,"Exit_Zone",4
1307.003,"Info","Arena",11,"Enter_Zone",2
1307.203,"Info","Arena",11,"Exit_Zone",2
1307.203,"Info","Arena",11,"Enter_Zone",4
1309.836,"Info","Arena",15,"Exit_Zone",4
1309.836,"Info","Arena",15,"Enter_Zone",2
1309.935,"Info","Arena",11,"Exit_Zone",4
1309.935,"Info","Arena",11,"Enter_Zone",2
1310.802,"Info","Arena",11,"Exit_Zone",2
1310.802,"Info","Arena",11,"Enter_Zone",4
1310.935,"Info","Arena",11,"Exit_Zone",4
1310.935,"Info","Arena",11,"Enter_Zone",2
1311.102,"Info","Arena",11,"Exit_Zone",2
1311.102,"Info","Arena",11,"Enter_Zone",4
1311.135,"Info","Arena",11,"Exit_Zone",4
1311.135,"Info","Arena",11,"Enter_Zone",2
1311.237,"Info","Arena",11,"Exit_Zone",2
1311.237,"Info","Arena",11,"Enter_Zone",4
1311.469,"Info","Arena",11,"Exit_Zone",4
1311.469,"Info","Arena",11,"Enter_Zone",2
1311.502,"Info","Arena",11,"Exit_Zone",2
1311.502,"Info","Arena",11,"Enter_Zone",4
1312.602,"Info","Arena",11,"Exit_Zone",4
1312.602,"Info","Arena",11,"Enter_Zone",2
1312.737,"Info","Arena",11,"Exit_Zone",2
1312.737,"Info","Arena",11,"Enter_Zone",4
1313.239,"Info","Arena",11,"Exit_Zone",4
1313.239,"Info","Arena",11,"Enter_Zone",2
1313.270,"Info","Arena",11,"Exit_Zone",2
1313.270,"Info","Arena",11,"Enter_Zone",4
1314.468,"Info","Arena",11,"Exit_Zone",4
1314.468,"Info","Arena",11,"Enter_Zone",2
1314.635,"Info","Arena",12,"Exit_Zone",4
1314.635,"Info","Arena",12,"Enter_Zone",1
1314.935,"Info","Arena",11,"Exit_Zone",2
1314.935,"Info","Arena",11,"Enter_Zone",4
1321.069,"Info","Arena",5,"Exit_Zone",2
1321.069,"Info","Arena",5,"Enter_Zone",4
1324.000,"Info","Arena",5,"Exit_Zone",4
1324.000,"Info","Arena",5,"Enter_Zone",1
1328.799,"Info","Arena",11,"Exit_Zone",4
1328.799,"Info","Arena",11,"Enter_Zone",2
1329.099,"Info","Arena",12,"Exit_Zone",1
1329.099,"Info","Arena",12,"Enter_Zone",4
1332.131,"Info","Arena",12,"Exit_Zone",4
1332.131,"Info","Arena",12,"Enter_Zone",3
1380.522,"Info","Arena",11,"Exit_Zone",2
1380.522,"Info","Arena",11,"Enter_Zone",4
1381.989,"Info","Arena",13,"Exit_Zone",2
1381.989,"Info","Arena",13,"Enter_Zone",4
1382.022,"Info","Arena",13,"Exit_Zone",4
1382.022,"Info","Arena",13,"Enter_Zone",2
1382.057,"Info","Arena",13,"Exit_Zone",2
1382.057,"Info","Arena",13,"Enter_Zone",4
1382.688,"Info","Arena",13,"Exit_Zone",4
1382.688,"Info","Arena",13,"Enter_Zone",2
1383.057,"Info","Arena",11,"Exit_Zone",4
1383.057,"Info","Arena",11,"Enter_Zone",3
1383.788,"Info","Arena",11,"Exit_Zone",3
1383.788,"Info","Arena",11,"Enter_Zone",4
1383.922,"Info","Arena",11,"Exit_Zone",4
1383.922,"Info","Arena",11,"Enter_Zone",3
1384.155,"Info","Arena",11,"Exit_Zone",3
1384.155,"Info","Arena",11,"Enter_Zone",4
1384.188,"Info","Arena",11,"Exit_Zone",4
1384.188,"Info","Arena",11,"Enter_Zone",3
1384.422,"Info","Arena",11,"Exit_Zone",3
1384.422,"Info","Arena",11,"Enter_Zone",4
1384.488,"Info","Arena",11,"Exit_Zone",4
1384.488,"Info","Arena",11,"Enter_Zone",3
1384.522,"Info","Arena",11,"Exit_Zone",3
1384.522,"Info","Arena",11,"Enter_Zone",4
1384.557,"Info","Arena",11,"Exit_Zone",4
1384.557,"Info","Arena",11,"Enter_Zone",3
1384.588,"Info","Arena",11,"Exit_Zone",3
1384.588,"Info","Arena",11,"Enter_Zone",4
1384.655,"Info","Arena",11,"Exit_Zone",4
1384.655,"Info","Arena",11,"Enter_Zone",3
1384.688,"Info","Arena",11,"Exit_Zone",3
1384.688,"Info","Arena",11,"Enter_Zone",4
1385.521,"Info","Arena",11,"Exit_Zone",4
1385.521,"Info","Arena",11,"Enter_Zone",3
1385.557,"Info","Arena",11,"Exit_Zone",3
1385.557,"Info","Arena",11,"Enter_Zone",4
1385.588,"Info","Arena",11,"Exit_Zone",4
1385.588,"Info","Arena",11,"Enter_Zone",3
1385.688,"Info","Arena",11,"Exit_Zone",3
1385.688,"Info","Arena",11,"Enter_Zone",4
1385.723,"Info","Arena",11,"Exit_Zone",4
1385.723,"Info","Arena",11,"Enter_Zone",3
1385.755,"Info","Arena",11,"Exit_Zone",3
1385.755,"Info","Arena",11,"Enter_Zone",4
1386.988,"Info","Arena",11,"Exit_Zone",4
1386.988,"Info","Arena",11,"Enter_Zone",3
1387.021,"Info","Arena",11,"Exit_Zone",3
1387.021,"Info","Arena",11,"Enter_Zone",4
1387.521,"Info","Arena",11,"Exit_Zone",4
1387.521,"Info","Arena",11,"Enter_Zone",3
1387.556,"Info","Arena",11,"Exit_Zone",3
1387.556,"Info","Arena",11,"Enter_Zone",4
1389.654,"Info","Arena",11,"Exit_Zone",4
1389.654,"Info","Arena",11,"Enter_Zone",3
1389.754,"Info","Arena",11,"Exit_Zone",3
1389.754,"Info","Arena",11,"Enter_Zone",4
1389.787,"Info","Arena",11,"Exit_Zone",4
1389.787,"Info","Arena",11,"Enter_Zone",3
1389.954,"Info","Arena",11,"Exit_Zone",3
1389.954,"Info","Arena",11,"Enter_Zone",4
1389.987,"Info","Arena",11,"Exit_Zone",4
1389.987,"Info","Arena",11,"Enter_Zone",3
1390.020,"Info","Arena",11,"Exit_Zone",3
1390.020,"Info","Arena",11,"Enter_Zone",4
1390.056,"Info","Arena",11,"Exit_Zone",4
1390.056,"Info","Arena",11,"Enter_Zone",3
1390.087,"Info","Arena",11,"Exit_Zone",3
1390.087,"Info","Arena",11,"Enter_Zone",4
1391.320,"Info","Arena",11,"Exit_Zone",4
1391.320,"Info","Arena",11,"Enter_Zone",3
1391.853,"Info","Arena",11,"Exit_Zone",3
1391.853,"Info","Arena",11,"Enter_Zone",4
1391.889,"Info","Arena",11,"Exit_Zone",4
1391.889,"Info","Arena",11,"Enter_Zone",3
1391.920,"Info","Arena",11,"Exit_Zone",3
1391.920,"Info","Arena",11,"Enter_Zone",4
1391.954,"Info","Arena",11,"Exit_Zone",4
1391.954,"Info","Arena",11,"Enter_Zone",3
1391.987,"Info","Arena",11,"Exit_Zone",3
1391.987,"Info","Arena",11,"Enter_Zone",4
1392.020,"Info","Arena",11,"Exit_Zone",4
1392.020,"Info","Arena",11,"Enter_Zone",3
1392.055,"Info","Arena",11,"Exit_Zone",3
1392.055,"Info","Arena",11,"Enter_Zone",4
1411.250,"Info","Arena",11,"Exit_Zone",4
1411.250,"Info","Arena",11,"Enter_Zone",3
1411.283,"Info","Arena",11,"Exit_Zone",3
1411.283,"Info","Arena",11,"Enter_Zone",4
1421.815,"Info","Arena",3,"Exit_Zone",3
1421.815,"Info","Arena",3,"Enter_Zone",4
1431.779,"Info","Arena",10,"Exit_Zone",2
1431.779,"Info","Arena",10,"Enter_Zone",4
1447.545,"Info","Arena",12,"Exit_Zone",3
1447.545,"Info","Arena",12,"Enter_Zone",4
1451.742,"Info","Arena",12,"Exit_Zone",4
1451.742,"Info","Arena",12,"Enter_Zone",1
1454.508,"Info","Arena",3,"Exit_Zone",4
1454.508,"Info","Arena",3,"Enter_Zone",1
1461.440,"Info","Arena",12,"Exit_Zone",1
1461.440,"Info","Arena",12,"Enter_Zone",4
1464.773,"Info","Arena",12,"Exit_Zone",4
1464.773,"Info","Arena",12,"Enter_Zone",3
1467.041,"Info","Arena",12,"Exit_Zone",3
1467.041,"Info","Arena",12,"Enter_Zone",4
1470.708,"Info","Arena",12,"Exit_Zone",4
1470.708,"Info","Arena",12,"Enter_Zone",1
1472.605,"Info","Arena",3,"Exit_Zone",1
1472.605,"Info","Arena",3,"Enter_Zone",4
1474.238,"Info","Arena",13,"Exit_Zone",2
1474.238,"Info","Arena",13,"Enter_Zone",4
1474.271,"Info","Arena",13,"Exit_Zone",4
1474.271,"Info","Arena",13,"Enter_Zone",2
1474.338,"Info","Arena",13,"Exit_Zone",2
1474.338,"Info","Arena",13,"Enter_Zone",4
1474.373,"Info","Arena",13,"Exit_Zone",4
1474.373,"Info","Arena",13,"Enter_Zone",2
1474.471,"Info","Arena",13,"Exit_Zone",2
1474.471,"Info","Arena",13,"Enter_Zone",4
1474.540,"Info","Arena",13,"Exit_Zone",4
1474.540,"Info","Arena",13,"Enter_Zone",2
1474.638,"Info","Arena",13,"Exit_Zone",2
1474.638,"Info","Arena",13,"Enter_Zone",4
1474.804,"Info","Arena",13,"Exit_Zone",4
1474.804,"Info","Arena",13,"Enter_Zone",2
1475.014,"Info","Arena",13,"Exit_Zone",2
1475.014,"Info","Arena",13,"Enter_Zone",4
1475.040,"Info","Arena",13,"Exit_Zone",4
1475.040,"Info","Arena",13,"Enter_Zone",2
1475.071,"Info","Arena",13,"Exit_Zone",2
1475.071,"Info","Arena",13,"Enter_Zone",4
1475.104,"Info","Arena",13,"Exit_Zone",4
1475.104,"Info","Arena",13,"Enter_Zone",2
1475.138,"Info","Arena",13,"Exit_Zone",2
1475.138,"Info","Arena",13,"Enter_Zone",4
1475.206,"Info","Arena",13,"Exit_Zone",4
1475.206,"Info","Arena",13,"Enter_Zone",2
1475.373,"Info","Arena",13,"Exit_Zone",2
1475.373,"Info","Arena",13,"Enter_Zone",4
1475.404,"Info","Arena",13,"Exit_Zone",4
1475.404,"Info","Arena",13,"Enter_Zone",2
1475.438,"Info","Arena",13,"Exit_Zone",2
1475.438,"Info","Arena",13,"Enter_Zone",4
1475.571,"Info","Arena",13,"Exit_Zone",4
1475.571,"Info","Arena",13,"Enter_Zone",2
1475.604,"Info","Arena",13,"Exit_Zone",2
1475.604,"Info","Arena",13,"Enter_Zone",4
1475.971,"Info","Arena",13,"Exit_Zone",4
1475.971,"Info","Arena",13,"Enter_Zone",2
1476.014,"Info","Arena",13,"Exit_Zone",2
1476.014,"Info","Arena",13,"Enter_Zone",4
1476.071,"Info","Arena",13,"Exit_Zone",4
1476.071,"Info","Arena",13,"Enter_Zone",2
1476.171,"Info","Arena",13,"Exit_Zone",2
1476.171,"Info","Arena",13,"Enter_Zone",4
1476.238,"Info","Arena",13,"Exit_Zone",4
1476.238,"Info","Arena",13,"Enter_Zone",2
1476.271,"Info","Arena",13,"Exit_Zone",2
1476.271,"Info","Arena",13,"Enter_Zone",4
1476.304,"Info","Arena",13,"Exit_Zone",4
1476.304,"Info","Arena",13,"Enter_Zone",2
1476.373,"Info","Arena",13,"Exit_Zone",2
1476.373,"Info","Arena",13,"Enter_Zone",4
1476.404,"Info","Arena",13,"Exit_Zone",4
1476.404,"Info","Arena",13,"Enter_Zone",2
1476.438,"Info","Arena",13,"Exit_Zone",2
1476.438,"Info","Arena",13,"Enter_Zone",4
1476.540,"Info","Arena",13,"Exit_Zone",4
1476.540,"Info","Arena",13,"Enter_Zone",2
1476.604,"Info","Arena",13,"Exit_Zone",2
1476.604,"Info","Arena",13,"Enter_Zone",4
1476.804,"Info","Arena",13,"Exit_Zone",4
1476.804,"Info","Arena",13,"Enter_Zone",2
1476.837,"Info","Arena",13,"Exit_Zone",2
1476.837,"Info","Arena",13,"Enter_Zone",4
1477.071,"Info","Arena",13,"Exit_Zone",4
1477.071,"Info","Arena",13,"Enter_Zone",2
1477.104,"Info","Arena",13,"Exit_Zone",2
1477.104,"Info","Arena",13,"Enter_Zone",4
1477.504,"Info","Arena",15,"Exit_Zone",2
1477.504,"Info","Arena",15,"Enter_Zone",4
1479.770,"Info","Arena",13,"Exit_Zone",4
1479.770,"Info","Arena",13,"Enter_Zone",2
1479.837,"Info","Arena",13,"Exit_Zone",2
1479.837,"Info","Arena",13,"Enter_Zone",4
1479.937,"Info","Arena",13,"Exit_Zone",4
1479.937,"Info","Arena",13,"Enter_Zone",2
1480.039,"Info","Arena",13,"Exit_Zone",2
1480.039,"Info","Arena",13,"Enter_Zone",4
1480.070,"Info","Arena",13,"Exit_Zone",4
1480.070,"Info","Arena",13,"Enter_Zone",2
1480.137,"Info","Arena",10,"Exit_Zone",4
1480.137,"Info","Arena",10,"Enter_Zone",1
1480.503,"Info","Arena",13,"Exit_Zone",2
1480.503,"Info","Arena",13,"Enter_Zone",4
1480.539,"Info","Arena",13,"Exit_Zone",4
1480.539,"Info","Arena",13,"Enter_Zone",2
1480.539,"Info","Arena",15,"Exit_Zone",4
1480.539,"Info","Arena",15,"Enter_Zone",1
1480.603,"Info","Arena",13,"Exit_Zone",2
1480.603,"Info","Arena",13,"Enter_Zone",4
1480.637,"Info","Arena",13,"Exit_Zone",4
1480.637,"Info","Arena",13,"Enter_Zone",2
1482.936,"Info","Arena",12,"Exit_Zone",1
1482.936,"Info","Arena",12,"Enter_Zone",4
1484.003,"Info","Arena",3,"Exit_Zone",4
1484.003,"Info","Arena",3,"Enter_Zone",2
1485.136,"Info","Arena",13,"Exit_Zone",2
1485.136,"Info","Arena",13,"Enter_Zone",4
1485.204,"Info","Arena",13,"Exit_Zone",4
1485.204,"Info","Arena",13,"Enter_Zone",2
1485.436,"Info","Arena",13,"Exit_Zone",2
1485.436,"Info","Arena",13,"Enter_Zone",4
1485.469,"Info","Arena",13,"Exit_Zone",4
1485.469,"Info","Arena",13,"Enter_Zone",2
1485.502,"Info","Arena",13,"Exit_Zone",2
1485.502,"Info","Arena",13,"Enter_Zone",4
1485.538,"Info","Arena",13,"Exit_Zone",4
1485.538,"Info","Arena",13,"Enter_Zone",2
1485.602,"Info","Arena",13,"Exit_Zone",2
1485.602,"Info","Arena",13,"Enter_Zone",4
1485.736,"Info","Arena",13,"Exit_Zone",4
1485.736,"Info","Arena",13,"Enter_Zone",2
1485.902,"Info","Arena",13,"Exit_Zone",2
1485.902,"Info","Arena",13,"Enter_Zone",4
1485.936,"Info","Arena",13,"Exit_Zone",4
1485.936,"Info","Arena",13,"Enter_Zone",2
1485.969,"Info","Arena",13,"Exit_Zone",2
1485.969,"Info","Arena",13,"Enter_Zone",4
1486.003,"Info","Arena",13,"Exit_Zone",4
1486.003,"Info","Arena",13,"Enter_Zone",2
1486.102,"Info","Arena",13,"Exit_Zone",2
1486.102,"Info","Arena",13,"Enter_Zone",4
1486.204,"Info","Arena",13,"Exit_Zone",4
1486.204,"Info","Arena",13,"Enter_Zone",2
1486.236,"Info","Arena",13,"Exit_Zone",2
1486.236,"Info","Arena",13,"Enter_Zone",4
1486.436,"Info","Arena",13,"Exit_Zone",4
1486.436,"Info","Arena",13,"Enter_Zone",2
1486.469,"Info","Arena",13,"Exit_Zone",2
1486.469,"Info","Arena",13,"Enter_Zone",4
1486.669,"Info","Arena",13,"Exit_Zone",4
1486.669,"Info","Arena",13,"Enter_Zone",2
1486.704,"Info","Arena",13,"Exit_Zone",2
1486.704,"Info","Arena",13,"Enter_Zone",4
1486.769,"Info","Arena",13,"Exit_Zone",4
1486.769,"Info","Arena",13,"Enter_Zone",2
1486.802,"Info","Arena",13,"Exit_Zone",2
1486.802,"Info","Arena",13,"Enter_Zone",4
1486.936,"Info","Arena",13,"Exit_Zone",4
1486.936,"Info","Arena",13,"Enter_Zone",2
1486.969,"Info","Arena",13,"Exit_Zone",2
1486.969,"Info","Arena",13,"Enter_Zone",4
1487.037,"Info","Arena",13,"Exit_Zone",4
1487.037,"Info","Arena",13,"Enter_Zone",2
1487.069,"Info","Arena",13,"Exit_Zone",2
1487.069,"Info","Arena",13,"Enter_Zone",4
1487.704,"Info","Arena",13,"Exit_Zone",4
1487.704,"Info","Arena",13,"Enter_Zone",2
1487.735,"Info","Arena",13,"Exit_Zone",2
1487.735,"Info","Arena",13,"Enter_Zone",4
1488.437,"Info","Arena",13,"Exit_Zone",4
1488.437,"Info","Arena",13,"Enter_Zone",2
1488.470,"Info","Arena",13,"Exit_Zone",2
1488.470,"Info","Arena",13,"Enter_Zone",4
1488.569,"Info","Arena",13,"Exit_Zone",4
1488.569,"Info","Arena",13,"Enter_Zone",2
1488.602,"Info","Arena",13,"Exit_Zone",2
1488.602,"Info","Arena",13,"Enter_Zone",4
1488.871,"Info","Arena",12,"Exit_Zone",4
1488.871,"Info","Arena",12,"Enter_Zone",2
1488.871,"Info","Arena",13,"Exit_Zone",4
1488.871,"Info","Arena",13,"Enter_Zone",2
1488.935,"Info","Arena",13,"Exit_Zone",2
1488.935,"Info","Arena",13,"Enter_Zone",4
1489.037,"Info","Arena",13,"Exit_Zone",4
1489.037,"Info","Arena",13,"Enter_Zone",2
1489.102,"Info","Arena",13,"Exit_Zone",2
1489.102,"Info","Arena",13,"Enter_Zone",4
1489.135,"Info","Arena",13,"Exit_Zone",4
1489.135,"Info","Arena",13,"Enter_Zone",2
1489.169,"Info","Arena",13,"Exit_Zone",2
1489.169,"Info","Arena",13,"Enter_Zone",4
1489.235,"Info","Arena",13,"Exit_Zone",4
1489.235,"Info","Arena",13,"Enter_Zone",2
1489.269,"Info","Arena",13,"Exit_Zone",2
1489.269,"Info","Arena",13,"Enter_Zone",4
1489.302,"Info","Arena",13,"Exit_Zone",4
1489.302,"Info","Arena",13,"Enter_Zone",2
1489.468,"Info","Arena",13,"Exit_Zone",2
1489.468,"Info","Arena",13,"Enter_Zone",4
1489.537,"Info","Arena",13,"Exit_Zone",4
1489.537,"Info","Arena",13,"Enter_Zone",2
1489.568,"Info","Arena",13,"Exit_Zone",2
1489.568,"Info","Arena",13,"Enter_Zone",4
1489.602,"Info","Arena",13,"Exit_Zone",4
1489.602,"Info","Arena",13,"Enter_Zone",2
1489.704,"Info","Arena",13,"Exit_Zone",2
1489.704,"Info","Arena",13,"Enter_Zone",4
1489.735,"Info","Arena",13,"Exit_Zone",4
1489.735,"Info","Arena",13,"Enter_Zone",2
1489.935,"Info","Arena",13,"Exit_Zone",2
1489.935,"Info","Arena",13,"Enter_Zone",4
1490.002,"Info","Arena",13,"Exit_Zone",4
1490.002,"Info","Arena",13,"Enter_Zone",2
1490.037,"Info","Arena",13,"Exit_Zone",2
1490.037,"Info","Arena",13,"Enter_Zone",4
1490.068,"Info","Arena",13,"Exit_Zone",4
1490.068,"Info","Arena",13,"Enter_Zone",2
1490.204,"Info","Arena",5,"Exit_Zone",1
1490.204,"Info","Arena",5,"Enter_Zone",4
1490.268,"Info","Arena",5,"Exit_Zone",4
1490.268,"Info","Arena",5,"Enter_Zone",1
1490.302,"Info","Arena",5,"Exit_Zone",1
1490.302,"Info","Arena",5,"Enter_Zone",4
1490.302,"Info","Arena",13,"Exit_Zone",2
1490.302,"Info","Arena",13,"Enter_Zone",4
1490.335,"Info","Arena",13,"Exit_Zone",4
1490.335,"Info","Arena",13,"Enter_Zone",2
1490.468,"Info","Arena",13,"Exit_Zone",2
1490.468,"Info","Arena",13,"Enter_Zone",4
1490.502,"Info","Arena",13,"Exit_Zone",4
1490.502,"Info","Arena",13,"Enter_Zone",2
1490.635,"Info","Arena",13,"Exit_Zone",2
1490.635,"Info","Arena",13,"Enter_Zone",4
1490.668,"Info","Arena",13,"Exit_Zone",4
1490.668,"Info","Arena",13,"Enter_Zone",2
1490.835,"Info","Arena",13,"Exit_Zone",2
1490.835,"Info","Arena",13,"Enter_Zone",4
1490.901,"Info","Arena",13,"Exit_Zone",4
1490.901,"Info","Arena",13,"Enter_Zone",2
1491.068,"Info","Arena",13,"Exit_Zone",2
1491.068,"Info","Arena",13,"Enter_Zone",4
1491.101,"Info","Arena",13,"Exit_Zone",4
1491.101,"Info","Arena",13,"Enter_Zone",2
1491.203,"Info","Arena",13,"Exit_Zone",2
1491.203,"Info","Arena",13,"Enter_Zone",4
1491.268,"Info","Arena",13,"Exit_Zone",4
1491.268,"Info","Arena",13,"Enter_Zone",2
1491.301,"Info","Arena",13,"Exit_Zone",2
1491.301,"Info","Arena",13,"Enter_Zone",4
1491.370,"Info","Arena",13,"Exit_Zone",4
1491.370,"Info","Arena",13,"Enter_Zone",2
1491.435,"Info","Arena",13,"Exit_Zone",2
1491.435,"Info","Arena",13,"Enter_Zone",4
1491.468,"Info","Arena",13,"Exit_Zone",4
1491.468,"Info","Arena",13,"Enter_Zone",2
1491.501,"Info","Arena",13,"Exit_Zone",2
1491.501,"Info","Arena",13,"Enter_Zone",4
1491.568,"Info","Arena",13,"Exit_Zone",4
1491.568,"Info","Arena",13,"Enter_Zone",2
1491.601,"Info","Arena",13,"Exit_Zone",2
1491.601,"Info","Arena",13,"Enter_Zone",4
1491.735,"Info","Arena",13,"Exit_Zone",4
1491.735,"Info","Arena",13,"Enter_Zone",2
1491.768,"Info","Arena",13,"Exit_Zone",2
1491.768,"Info","Arena",13,"Enter_Zone",4
1491.801,"Info","Arena",13,"Exit_Zone",4
1491.801,"Info","Arena",13,"Enter_Zone",2
1491.935,"Info","Arena",13,"Exit_Zone",2
1491.935,"Info","Arena",13,"Enter_Zone",4
1492.001,"Info","Arena",13,"Exit_Zone",4
1492.001,"Info","Arena",13,"Enter_Zone",2
1492.037,"Info","Arena",13,"Exit_Zone",2
1492.037,"Info","Arena",13,"Enter_Zone",4
1492.101,"Info","Arena",13,"Exit_Zone",4
1492.101,"Info","Arena",13,"Enter_Zone",2
1492.135,"Info","Arena",13,"Exit_Zone",2
1492.135,"Info","Arena",13,"Enter_Zone",4
1492.335,"Info","Arena",13,"Exit_Zone",4
1492.335,"Info","Arena",13,"Enter_Zone",2
1492.370,"Info","Arena",13,"Exit_Zone",2
1492.370,"Info","Arena",13,"Enter_Zone",4
1492.401,"Info","Arena",13,"Exit_Zone",4
1492.401,"Info","Arena",13,"Enter_Zone",2
1492.434,"Info","Arena",13,"Exit_Zone",2
1492.434,"Info","Arena",13,"Enter_Zone",4
1492.468,"Info","Arena",13,"Exit_Zone",4
1492.468,"Info","Arena",13,"Enter_Zone",2
1492.501,"Info","Arena",13,"Exit_Zone",2
1492.501,"Info","Arena",13,"Enter_Zone",4
1492.735,"Info","Arena",13,"Exit_Zone",4
1492.735,"Info","Arena",13,"Enter_Zone",2
1492.768,"Info","Arena",13,"Exit_Zone",2
1492.768,"Info","Arena",13,"Enter_Zone",4
1492.801,"Info","Arena",13,"Exit_Zone",4
1492.801,"Info","Arena",13,"Enter_Zone",2
1492.934,"Info","Arena",13,"Exit_Zone",2
1492.934,"Info","Arena",13,"Enter_Zone",4
1493.036,"Info","Arena",13,"Exit_Zone",4
1493.036,"Info","Arena",13,"Enter_Zone",2
1493.068,"Info","Arena",13,"Exit_Zone",2
1493.068,"Info","Arena",13,"Enter_Zone",4
1493.203,"Info","Arena",13,"Exit_Zone",4
1493.203,"Info","Arena",13,"Enter_Zone",2
1493.235,"Info","Arena",13,"Exit_Zone",2
1493.235,"Info","Arena",13,"Enter_Zone",4
1493.269,"Info","Arena",13,"Exit_Zone",4
1493.269,"Info","Arena",13,"Enter_Zone",2
1493.302,"Info","Arena",13,"Exit_Zone",2
1493.302,"Info","Arena",13,"Enter_Zone",4
1493.434,"Info","Arena",13,"Exit_Zone",4
1493.434,"Info","Arena",13,"Enter_Zone",2
1493.501,"Info","Arena",13,"Exit_Zone",2
1493.501,"Info","Arena",13,"Enter_Zone",4
1493.734,"Info","Arena",13,"Exit_Zone",4
1493.734,"Info","Arena",13,"Enter_Zone",2
1493.768,"Info","Arena",13,"Exit_Zone",2
1493.768,"Info","Arena",13,"Enter_Zone",4
1494.001,"Info","Arena",13,"Exit_Zone",4
1494.001,"Info","Arena",13,"Enter_Zone",2
1494.036,"Info","Arena",13,"Exit_Zone",2
1494.036,"Info","Arena",13,"Enter_Zone",4
1494.068,"Info","Arena",5,"Exit_Zone",4
1494.068,"Info","Arena",5,"Enter_Zone",3
1494.267,"Info","Arena",13,"Exit_Zone",4
1494.267,"Info","Arena",13,"Enter_Zone",2
1494.301,"Info","Arena",13,"Exit_Zone",2
1494.301,"Info","Arena",13,"Enter_Zone",4
1494.370,"Info","Arena",13,"Exit_Zone",4
1494.370,"Info","Arena",13,"Enter_Zone",2
1494.401,"Info","Arena",13,"Exit_Zone",2
1494.401,"Info","Arena",13,"Enter_Zone",4
1494.703,"Info","Arena",13,"Exit_Zone",4
1494.703,"Info","Arena",13,"Enter_Zone",2
1494.734,"Info","Arena",13,"Exit_Zone",2
1494.734,"Info","Arena",13,"Enter_Zone",4
1494.767,"Info","Arena",13,"Exit_Zone",4
1494.767,"Info","Arena",13,"Enter_Zone",2
1494.801,"Info","Arena",13,"Exit_Zone",2
1494.801,"Info","Arena",13,"Enter_Zone",4
1494.834,"Info","Arena",13,"Exit_Zone",4
1494.834,"Info","Arena",13,"Enter_Zone",2
1494.870,"Info","Arena",13,"Exit_Zone",2
1494.870,"Info","Arena",13,"Enter_Zone",4
1495.667,"Info","Arena",12,"Exit_Zone",2
1495.667,"Info","Arena",12,"Enter_Zone",4
1499.067,"Info","Arena",12,"Exit_Zone",4
1499.067,"Info","Arena",12,"Enter_Zone",1
1511.298,"Info","Arena",12,"Exit_Zone",1
1511.298,"Info","Arena",12,"Enter_Zone",4
1513.367,"Info","Arena",12,"Exit_Zone",4
1513.367,"Info","Arena",12,"Enter_Zone",3
1515.130,"Info","Arena",15,"Exit_Zone",1
1515.130,"Info","Arena",15,"Enter_Zone",4
1523.795,"Info","Arena",12,"Exit_Zone",3
1523.795,"Info","Arena",12,"Enter_Zone",4
1525.697,"Info","Arena",15,"Exit_Zone",4
1525.697,"Info","Arena",15,"Enter_Zone",2
1527.795,"Info","Arena",13,"Exit_Zone",4
1527.795,"Info","Arena",13,"Enter_Zone",2
1537.426,"Info","Arena",3,"Exit_Zone",2
1537.426,"Info","Arena",3,"Enter_Zone",4
1549.757,"Info","Arena",5,"Exit_Zone",3
1549.757,"Info","Arena",5,"Enter_Zone",4
1549.859,"Info","Arena",5,"Exit_Zone",4
1549.859,"Info","Arena",5,"Enter_Zone",3
1549.890,"Info","Arena",5,"Exit_Zone",3
1549.890,"Info","Arena",5,"Enter_Zone",4
1552.359,"Info","Arena",3,"Exit_Zone",4
1552.359,"Info","Arena",3,"Enter_Zone",1
1552.923,"Info","Arena",12,"Exit_Zone",4
1552.923,"Info","Arena",12,"Enter_Zone",2
1553.090,"Info","Arena",5,"Exit_Zone",4
1553.090,"Info","Arena",5,"Enter_Zone",2
1559.122,"Info","Arena",12,"Exit_Zone",2
1559.122,"Info","Arena",12,"Enter_Zone",4
1578.253,"Info","Arena",12,"Exit_Zone",4
1578.253,"Info","Arena",12,"Enter_Zone",3
1590.851,"Info","Arena",3,"Exit_Zone",1
1590.851,"Info","Arena",3,"Enter_Zone",4
1594.915,"Info","Arena",3,"Exit_Zone",4
1594.915,"Info","Arena",3,"Enter_Zone",2
1604.714,"Info","Arena",12,"Exit_Zone",3
1604.714,"Info","Arena",12,"Enter_Zone",4
1604.913,"Info","Arena",3,"Exit_Zone",2
1604.913,"Info","Arena",3,"Enter_Zone",4
1607.080,"Info","Arena",12,"Exit_Zone",4
1607.080,"Info","Arena",12,"Enter_Zone",1
1608.746,"Info","Arena",3,"Exit_Zone",4
1608.746,"Info","Arena",3,"Enter_Zone",3
1613.680,"Info","Arena",12,"Exit_Zone",1
1613.680,"Info","Arena",12,"Enter_Zone",4
1616.346,"Info","Arena",12,"Exit_Zone",4
1616.346,"Info","Arena",12,"Enter_Zone",3
1617.644,"Info","Arena",2,"Exit_Zone",3
1617.644,"Info","Arena",2,"Enter_Zone",4
1619.911,"Info","Arena",3,"Exit_Zone",3
1619.911,"Info","Arena",3,"Enter_Zone",4
1620.711,"Info","Arena",2,"Exit_Zone",4
1620.711,"Info","Arena",2,"Enter_Zone",1
1623.876,"Info","Arena",12,"Exit_Zone",3
1623.876,"Info","Arena",12,"Enter_Zone",4
1626.743,"Info","Arena",12,"Exit_Zone",4
1626.743,"Info","Arena",12,"Enter_Zone",2
1631.177,"Info","Arena",3,"Exit_Zone",4
1631.177,"Info","Arena",3,"Enter_Zone",1
1633.177,"Info","Arena",15,"Exit_Zone",2
1633.177,"Info","Arena",15,"Enter_Zone",4
1635.941,"Info","Arena",12,"Exit_Zone",2
1635.941,"Info","Arena",12,"Enter_Zone",4
1638.707,"Info","Arena",12,"Exit_Zone",4
1638.707,"Info","Arena",12,"Enter_Zone",1
1644.872,"Info","Arena",12,"Exit_Zone",1
1644.872,"Info","Arena",12,"Enter_Zone",4
1647.039,"Info","Arena",12,"Exit_Zone",4
1647.039,"Info","Arena",12,"Enter_Zone",3
1661.014,"Info","Arena",15,"Exit_Zone",4
1661.014,"Info","Arena",15,"Enter_Zone",3
1663.069,"Info","Arena",15,"Exit_Zone",3
1663.069,"Info","Arena",15,"Enter_Zone",4
1663.103,"Info","Arena",15,"Exit_Zone",4
1663.103,"Info","Arena",15,"Enter_Zone",3
1663.136,"Info","Arena",15,"Exit_Zone",3
1663.136,"Info","Arena",15,"Enter_Zone",4
1668.068,"Info","Arena",3,"Exit_Zone",1
1668.068,"Info","Arena",3,"Enter_Zone",4
1672.534,"Info","Arena",3,"Exit_Zone",4
1672.534,"Info","Arena",3,"Enter_Zone",2
1674.234,"Info","Arena",12,"Exit_Zone",3
1674.234,"Info","Arena",12,"Enter_Zone",4
1681.532,"Info","Arena",13,"Exit_Zone",2
1681.532,"Info","Arena",13,"Enter_Zone",4
1684.065,"Info","Arena",3,"Exit_Zone",2
1684.065,"Info","Arena",3,"Enter_Zone",4
1687.731,"Info","Arena",3,"Exit_Zone",4
1687.731,"Info","Arena",3,"Enter_Zone",3
1696.063,"Info","Arena",3,"Exit_Zone",3
1696.063,"Info","Arena",3,"Enter_Zone",4
1698.063,"Info","Arena",3,"Exit_Zone",4
1698.063,"Info","Arena",3,"Enter_Zone",1
1701.962,"Info","Arena",5,"Exit_Zone",2
1701.962,"Info","Arena",5,"Enter_Zone",4
1711.193,"Info","Arena",3,"Exit_Zone",1
1711.193,"Info","Arena",3,"Enter_Zone",4
1715.259,"Info","Arena",3,"Exit_Zone",4
1715.259,"Info","Arena",3,"Enter_Zone",3
1720.425,"Info","Arena",1,"Exit_Zone",4
1720.425,"Info","Arena",1,"Enter_Zone",2
1720.958,"Info","Arena",3,"Exit_Zone",3
1720.958,"Info","Arena",3,"Enter_Zone",4
1721.092,"Info","Arena",5,"Exit_Zone",4
1721.092,"Info","Arena",5,"Enter_Zone",2
1721.191,"Info","Arena",5,"Exit_Zone",2
1721.191,"Info","Arena",5,"Enter_Zone",4
1721.291,"Info","Arena",5,"Exit_Zone",4
1721.291,"Info","Arena",5,"Enter_Zone",2
1721.391,"Info","Arena",5,"Exit_Zone",2
1721.391,"Info","Arena",5,"Enter_Zone",4
1721.425,"Info","Arena",5,"Exit_Zone",4
1721.425,"Info","Arena",5,"Enter_Zone",2
1721.459,"Info","Arena",5,"Exit_Zone",2
1721.459,"Info","Arena",5,"Enter_Zone",4
1721.758,"Info","Arena",5,"Exit_Zone",4
1721.758,"Info","Arena",5,"Enter_Zone",2
1721.791,"Info","Arena",5,"Exit_Zone",2
1721.791,"Info","Arena",5,"Enter_Zone",4
1722.458,"Info","Arena",5,"Exit_Zone",4
1722.458,"Info","Arena",5,"Enter_Zone",2
1722.493,"Info","Arena",5,"Exit_Zone",2
1722.493,"Info","Arena",5,"Enter_Zone",4
1722.624,"Info","Arena",5,"Exit_Zone",4
1722.624,"Info","Arena",5,"Enter_Zone",2
1722.660,"Info","Arena",5,"Exit_Zone",2
1722.660,"Info","Arena",5,"Enter_Zone",4
1722.827,"Info","Arena",5,"Exit_Zone",4
1722.827,"Info","Arena",5,"Enter_Zone",2
1728.224,"Info","Arena",3,"Exit_Zone",4
1728.224,"Info","Arena",3,"Enter_Zone",1
1738.921,"Info","Arena",12,"Exit_Zone",4
1738.921,"Info","Arena",12,"Enter_Zone",2
1741.188,"Info","Arena",12,"Exit_Zone",2
1741.188,"Info","Arena",12,"Enter_Zone",4
1743.187,"Info","Arena",12,"Exit_Zone",4
1743.187,"Info","Arena",12,"Enter_Zone",2
1744.720,"Info","Arena",12,"Exit_Zone",2
1744.720,"Info","Arena",12,"Enter_Zone",4
1745.520,"Info","Arena",2,"Exit_Zone",1
1745.520,"Info","Arena",2,"Enter_Zone",4
1745.554,"Info","Arena",2,"Exit_Zone",4
1745.554,"Info","Arena",2,"Enter_Zone",1
1745.754,"Info","Arena",2,"Exit_Zone",1
1745.754,"Info","Arena",2,"Enter_Zone",4
1746.953,"Info","Arena",15,"Exit_Zone",4
1746.953,"Info","Arena",15,"Enter_Zone",2
1749.655,"Info","Arena",12,"Exit_Zone",4
1749.655,"Info","Arena",12,"Enter_Zone",1
1754.821,"Info","Arena",3,"Exit_Zone",1
1754.821,"Info","Arena",3,"Enter_Zone",4
1757.118,"Info","Arena",3,"Exit_Zone",4
1757.118,"Info","Arena",3,"Enter_Zone",2
1757.153,"Info","Arena",3,"Exit_Zone",2
1757.153,"Info","Arena",3,"Enter_Zone",4
1757.385,"Info","Arena",3,"Exit_Zone",4
1757.385,"Info","Arena",3,"Enter_Zone",2
1758.051,"Info","Arena",12,"Exit_Zone",1
1758.051,"Info","Arena",12,"Enter_Zone",4
1762.384,"Info","Arena",12,"Exit_Zone",4
1762.384,"Info","Arena",12,"Enter_Zone",2
1768.949,"Info","Arena",5,"Exit_Zone",2
1768.949,"Info","Arena",5,"Enter_Zone",4
1770.249,"Info","Arena",3,"Exit_Zone",2
1770.249,"Info","Arena",3,"Enter_Zone",4
1771.817,"Info","Arena",5,"Exit_Zone",4
1771.817,"Info","Arena",5,"Enter_Zone",1
1775.748,"Info","Arena",3,"Exit_Zone",4
1775.748,"Info","Arena",3,"Enter_Zone",3
1779.081,"Info","Arena",12,"Exit_Zone",2
1779.081,"Info","Arena",12,"Enter_Zone",4
1782.613,"Info","Arena",3,"Exit_Zone",3
1782.613,"Info","Arena",3,"Enter_Zone",4
1782.613,"Info","Arena",12,"Exit_Zone",4
1782.613,"Info","Arena",12,"Enter_Zone",1
1785.379,"Info","Arena",2,"Exit_Zone",4
1785.379,"Info","Arena",2,"Enter_Zone",3
1789.112,"Info","Arena",12,"Exit_Zone",1
1789.112,"Info","Arena",12,"Enter_Zone",4
1790.878,"Info","Arena",12,"Exit_Zone",4
1790.878,"Info","Arena",12,"Enter_Zone",3
1796.711,"Info","Arena",12,"Exit_Zone",3
1796.711,"Info","Arena",12,"Enter_Zone",4
1797.344,"Info","Arena",13,"Exit_Zone",4
1797.344,"Info","Arena",13,"Enter_Zone",2
1799.210,"Info","Arena",3,"Exit_Zone",4
1799.210,"Info","Arena",3,"Enter_Zone",1
1799.979,"Info","Arena",12,"Exit_Zone",4
1799.979,"Info","Arena",12,"Enter_Zone",2
1805.209,"Info","Arena",12,"Exit_Zone",2
1805.209,"Info","Arena",12,"Enter_Zone",4
1809.477,"Info","Arena",12,"Exit_Zone",4
1809.477,"Info","Arena",12,"Enter_Zone",3
1813.174,"Info","Arena",5,"Exit_Zone",1
1813.174,"Info","Arena",5,"Enter_Zone",4
1817.014,"Info","Arena",12,"Exit_Zone",3
1817.014,"Info","Arena",12,"Enter_Zone",4
1818.642,"Info","Arena",2,"Exit_Zone",3
1818.642,"Info","Arena",2,"Enter_Zone",4
1822.572,"Info","Arena",2,"Exit_Zone",4
1822.572,"Info","Arena",2,"Enter_Zone",2
1825.205,"Info","Arena",12,"Exit_Zone",4
1825.205,"Info","Arena",12,"Enter_Zone",2
1831.604,"Info","Arena",12,"Exit_Zone",2
1831.604,"Info","Arena",12,"Enter_Zone",4
1832.337,"Info","Arena",11,"Exit_Zone",4
1832.337,"Info","Arena",11,"Enter_Zone",2
1832.473,"Info","Arena",11,"Exit_Zone",2
1832.473,"Info","Arena",11,"Enter_Zone",4
1832.473,"Info","Arena",15,"Exit_Zone",2
1832.473,"Info","Arena",15,"Enter_Zone",4
1832.504,"Info","Arena",11,"Exit_Zone",4
1832.504,"Info","Arena",11,"Enter_Zone",2
1832.571,"Info","Arena",11,"Exit_Zone",2
1832.571,"Info","Arena",11,"Enter_Zone",4
1833.370,"Info","Arena",11,"Exit_Zone",4
1833.370,"Info","Arena",11,"Enter_Zone",2
1834.271,"Info","Arena",12,"Exit_Zone",4
1834.271,"Info","Arena",12,"Enter_Zone",1
1835.070,"Info","Arena",15,"Exit_Zone",4
1835.070,"Info","Arena",15,"Enter_Zone",1
1840.502,"Info","Arena",15,"Exit_Zone",1
1840.502,"Info","Arena",15,"Enter_Zone",4
1843.369,"Info","Arena",15,"Exit_Zone",4
1843.369,"Info","Arena",15,"Enter_Zone",1
1848.969,"Info","Arena",11,"Exit_Zone",2
1848.969,"Info","Arena",11,"Enter_Zone",4
1851.601,"Info","Arena",15,"Exit_Zone",1
1851.601,"Info","Arena",15,"Enter_Zone",4
1852.000,"Info","Arena",11,"Exit_Zone",4
1852.000,"Info","Arena",11,"Enter_Zone",1
1853.470,"Info","Arena",12,"Exit_Zone",1
1853.470,"Info","Arena",12,"Enter_Zone",4
1853.867,"Info","Arena",15,"Exit_Zone",4
1853.867,"Info","Arena",15,"Enter_Zone",1
1854.135,"Info","Arena",12,"Exit_Zone",4
1854.135,"Info","Arena",12,"Enter_Zone",3
1854.302,"Info","Arena",15,"Exit_Zone",1
1854.302,"Info","Arena",15,"Enter_Zone",4
1854.333,"Info","Arena",15,"Exit_Zone",4
1854.333,"Info","Arena",15,"Enter_Zone",1
1854.366,"Info","Arena",15,"Exit_Zone",1
1854.366,"Info","Arena",15,"Enter_Zone",4
1856.566,"Info","Arena",15,"Exit_Zone",4
1856.566,"Info","Arena",15,"Enter_Zone",1
1858.532,"Info","Arena",12,"Exit_Zone",3
1858.532,"Info","Arena",12,"Enter_Zone",4
1864.665,"Info","Arena",11,"Exit_Zone",1
1864.665,"Info","Arena",11,"Enter_Zone",4
1869.364,"Info","Arena",15,"Exit_Zone",1
1869.364,"Info","Arena",15,"Enter_Zone",4
1870.264,"Info","Arena",11,"Exit_Zone",4
1870.264,"Info","Arena",11,"Enter_Zone",3
1870.897,"Info","Arena",3,"Exit_Zone",1
1870.897,"Info","Arena",3,"Enter_Zone",4
1875.096,"Info","Arena",3,"Exit_Zone",4
1875.096,"Info","Arena",3,"Enter_Zone",2
1875.929,"Info","Arena",12,"Exit_Zone",4
1875.929,"Info","Arena",12,"Enter_Zone",2
1880.228,"Info","Arena",2,"Exit_Zone",2
1880.228,"Info","Arena",2,"Enter_Zone",4
1883.430,"Info","Arena",3,"Exit_Zone",2
1883.430,"Info","Arena",3,"Enter_Zone",4
1884.629,"Info","Arena",2,"Exit_Zone",4
1884.629,"Info","Arena",2,"Enter_Zone",1
1889.526,"Info","Arena",12,"Exit_Zone",2
1889.526,"Info","Arena",12,"Enter_Zone",4
1897.725,"Info","Arena",3,"Exit_Zone",4
1897.725,"Info","Arena",3,"Enter_Zone",3
1898.426,"Info","Arena",15,"Exit_Zone",4
1898.426,"Info","Arena",15,"Enter_Zone",2
1898.460,"Info","Arena",15,"Exit_Zone",2
1898.460,"Info","Arena",15,"Enter_Zone",4
1898.691,"Info","Arena",12,"Exit_Zone",4
1898.691,"Info","Arena",12,"Enter_Zone",3
1898.758,"Info","Arena",15,"Exit_Zone",4
1898.758,"Info","Arena",15,"Enter_Zone",2
1898.794,"Info","Arena",15,"Exit_Zone",2
1898.794,"Info","Arena",15,"Enter_Zone",4
1898.925,"Info","Arena",15,"Exit_Zone",4
1898.925,"Info","Arena",15,"Enter_Zone",2
1898.991,"Info","Arena",15,"Exit_Zone",2
1898.991,"Info","Arena",15,"Enter_Zone",4
1899.025,"Info","Arena",15,"Exit_Zone",4
1899.025,"Info","Arena",15,"Enter_Zone",2
1899.127,"Info","Arena",15,"Exit_Zone",2
1899.127,"Info","Arena",15,"Enter_Zone",4
1899.293,"Info","Arena",15,"Exit_Zone",4
1899.293,"Info","Arena",15,"Enter_Zone",2
1901.024,"Info","Arena",5,"Exit_Zone",4
1901.024,"Info","Arena",5,"Enter_Zone",2
1901.258,"Info","Arena",15,"Exit_Zone",2
1901.258,"Info","Arena",15,"Enter_Zone",4
1901.558,"Info","Arena",15,"Exit_Zone",4
1901.558,"Info","Arena",15,"Enter_Zone",2
1901.591,"Info","Arena",15,"Exit_Zone",2
1901.591,"Info","Arena",15,"Enter_Zone",4
1902.959,"Info","Arena",15,"Exit_Zone",4
1902.959,"Info","Arena",15,"Enter_Zone",2
1903.857,"Info","Arena",15,"Exit_Zone",2
1903.857,"Info","Arena",15,"Enter_Zone",4
1904.057,"Info","Arena",15,"Exit_Zone",4
1904.057,"Info","Arena",15,"Enter_Zone",2
1904.090,"Info","Arena",15,"Exit_Zone",2
1904.090,"Info","Arena",15,"Enter_Zone",4
1904.490,"Info","Arena",15,"Exit_Zone",4
1904.490,"Info","Arena",15,"Enter_Zone",2
1904.524,"Info","Arena",3,"Exit_Zone",3
1904.524,"Info","Arena",3,"Enter_Zone",4
1904.590,"Info","Arena",5,"Exit_Zone",2
1904.590,"Info","Arena",5,"Enter_Zone",4
1904.590,"Info","Arena",15,"Exit_Zone",2
1904.590,"Info","Arena",15,"Enter_Zone",4
1904.626,"Info","Arena",5,"Exit_Zone",4
1904.626,"Info","Arena",5,"Enter_Zone",2
1904.690,"Info","Arena",5,"Exit_Zone",2
1904.690,"Info","Arena",5,"Enter_Zone",4
1905.923,"Info","Arena",15,"Exit_Zone",4
1905.923,"Info","Arena",15,"Enter_Zone",2
1905.959,"Info","Arena",15,"Exit_Zone",2
1905.959,"Info","Arena",15,"Enter_Zone",4
1906.057,"Info","Arena",15,"Exit_Zone",4
1906.057,"Info","Arena",15,"Enter_Zone",2
1906.157,"Info","Arena",15,"Exit_Zone",2
1906.157,"Info","Arena",15,"Enter_Zone",4
1906.190,"Info","Arena",15,"Exit_Zone",4
1906.190,"Info","Arena",15,"Enter_Zone",2
1906.223,"Info","Arena",15,"Exit_Zone",2
1906.223,"Info","Arena",15,"Enter_Zone",4
1906.323,"Info","Arena",15,"Exit_Zone",4
1906.323,"Info","Arena",15,"Enter_Zone",2
1906.357,"Info","Arena",15,"Exit_Zone",2
1906.357,"Info","Arena",15,"Enter_Zone",4
1906.490,"Info","Arena",12,"Exit_Zone",3
1906.490,"Info","Arena",12,"Enter_Zone",4
1906.690,"Info","Arena",15,"Exit_Zone",4
1906.690,"Info","Arena",15,"Enter_Zone",2
1906.723,"Info","Arena",15,"Exit_Zone",2
1906.723,"Info","Arena",15,"Enter_Zone",4
1906.856,"Info","Arena",15,"Exit_Zone",4
1906.856,"Info","Arena",15,"Enter_Zone",2
1906.890,"Info","Arena",15,"Exit_Zone",2
1906.890,"Info","Arena",15,"Enter_Zone",4
1906.924,"Info","Arena",15,"Exit_Zone",4
1906.924,"Info","Arena",15,"Enter_Zone",2
1906.958,"Info","Arena",15,"Exit_Zone",2
1906.958,"Info","Arena",15,"Enter_Zone",4
1906.990,"Info","Arena",15,"Exit_Zone",4
1906.990,"Info","Arena",15,"Enter_Zone",2
1907.356,"Info","Arena",15,"Exit_Zone",2
1907.356,"Info","Arena",15,"Enter_Zone",4
1907.390,"Info","Arena",15,"Exit_Zone",4
1907.390,"Info","Arena",15,"Enter_Zone",2
1907.656,"Info","Arena",15,"Exit_Zone",2
1907.656,"Info","Arena",15,"Enter_Zone",4
1908.056,"Info","Arena",15,"Exit_Zone",4
1908.056,"Info","Arena",15,"Enter_Zone",2
1908.090,"Info","Arena",15,"Exit_Zone",2
1908.090,"Info","Arena",15,"Enter_Zone",4
1908.125,"Info","Arena",15,"Exit_Zone",4
1908.125,"Info","Arena",15,"Enter_Zone",2
1908.156,"Info","Arena",15,"Exit_Zone",2
1908.156,"Info","Arena",15,"Enter_Zone",4
1908.325,"Info","Arena",15,"Exit_Zone",4
1908.325,"Info","Arena",15,"Enter_Zone",2
1908.390,"Info","Arena",15,"Exit_Zone",2
1908.390,"Info","Arena",15,"Enter_Zone",4
1908.590,"Info","Arena",15,"Exit_Zone",4
1908.590,"Info","Arena",15,"Enter_Zone",2
1908.625,"Info","Arena",15,"Exit_Zone",2
1908.625,"Info","Arena",15,"Enter_Zone",4
1908.690,"Info","Arena",15,"Exit_Zone",4
1908.690,"Info","Arena",15,"Enter_Zone",2
1908.723,"Info","Arena",5,"Exit_Zone",4
1908.723,"Info","Arena",5,"Enter_Zone",2
1922.554,"Info","Arena",12,"Exit_Zone",4
1922.554,"Info","Arena",12,"Enter_Zone",2
1923.887,"Info","Arena",2,"Exit_Zone",1
1923.887,"Info","Arena",2,"Enter_Zone",4
1925.886,"Info","Arena",2,"Exit_Zone",4
1925.886,"Info","Arena",2,"Enter_Zone",1
1927.686,"Info","Arena",12,"Exit_Zone",2
1927.686,"Info","Arena",12,"Enter_Zone",4
1929.919,"Info","Arena",12,"Exit_Zone",4
1929.919,"Info","Arena",12,"Enter_Zone",3
1933.352,"Info","Arena",12,"Exit_Zone",3
1933.352,"Info","Arena",12,"Enter_Zone",4
1937.620,"Info","Arena",5,"Exit_Zone",2
1937.620,"Info","Arena",5,"Enter_Zone",4
1940.517,"Info","Arena",5,"Exit_Zone",4
1940.517,"Info","Arena",5,"Enter_Zone",3
1941.417,"Info","Arena",12,"Exit_Zone",4
1941.417,"Info","Arena",12,"Enter_Zone",1
1943.050,"Info","Arena",3,"Exit_Zone",4
1943.050,"Info","Arena",3,"Enter_Zone",1
1949.082,"Info","Arena",12,"Exit_Zone",1
1949.082,"Info","Arena",12,"Enter_Zone",4
1951.915,"Info","Arena",15,"Exit_Zone",2
1951.915,"Info","Arena",15,"Enter_Zone",4
1953.616,"Info","Arena",12,"Exit_Zone",4
1953.616,"Info","Arena",12,"Enter_Zone",2
1954.481,"Info","Arena",15,"Exit_Zone",4
1954.481,"Info","Arena",15,"Enter_Zone",3
1956.048,"Info","Arena",3,"Exit_Zone",1
1956.048,"Info","Arena",3,"Enter_Zone",4
1958.547,"Info","Arena",12,"Exit_Zone",2
1958.547,"Info","Arena",12,"Enter_Zone",4
1959.880,"Info","Arena",12,"Exit_Zone",4
1959.880,"Info","Arena",12,"Enter_Zone",3
1961.146,"Info","Arena",11,"Exit_Zone",3
1961.146,"Info","Arena",11,"Enter_Zone",4
1962.313,"Info","Arena",3,"Exit_Zone",4
1962.313,"Info","Arena",3,"Enter_Zone",2
1962.513,"Info","Arena",3,"Exit_Zone",2
1962.513,"Info","Arena",3,"Enter_Zone",4
1963.014,"Info","Arena",3,"Exit_Zone",4
1963.014,"Info","Arena",3,"Enter_Zone",2
1963.247,"Info","Arena",11,"Exit_Zone",4
1963.247,"Info","Arena",11,"Enter_Zone",1
1963.781,"Info","Arena",12,"Exit_Zone",3
1963.781,"Info","Arena",12,"Enter_Zone",4
1963.812,"Info","Arena",2,"Exit_Zone",1
1963.812,"Info","Arena",2,"Enter_Zone",4
1965.013,"Info","Arena",12,"Exit_Zone",4
1965.013,"Info","Arena",12,"Enter_Zone",1
1971.078,"Info","Arena",12,"Exit_Zone",1
1971.078,"Info","Arena",12,"Enter_Zone",4
1973.345,"Info","Arena",15,"Exit_Zone",3
1973.345,"Info","Arena",15,"Enter_Zone",4
1973.477,"Info","Arena",12,"Exit_Zone",4
1973.477,"Info","Arena",12,"Enter_Zone",2
1975.577,"Info","Arena",15,"Exit_Zone",4
1975.577,"Info","Arena",15,"Enter_Zone",2
1977.710,"Info","Arena",12,"Exit_Zone",2
1977.710,"Info","Arena",12,"Enter_Zone",4
1979.743,"Info","Arena",12,"Exit_Zone",4
1979.743,"Info","Arena",12,"Enter_Zone",3
1985.242,"Info","Arena",12,"Exit_Zone",3
1985.242,"Info","Arena",12,"Enter_Zone",4
1986.575,"Info","Arena",12,"Exit_Zone",4
1986.575,"Info","Arena",12,"Enter_Zone",1
1986.642,"Info","Arena",12,"Exit_Zone",1
1986.642,"Info","Arena",12,"Enter_Zone",4
1986.675,"Info","Arena",12,"Exit_Zone",4
1986.675,"Info","Arena",12,"Enter_Zone",1
1987.341,"Info","Arena",15,"Exit_Zone",2
1987.341,"Info","Arena",15,"Enter_Zone",4
1988.908,"Info","Arena",15,"Exit_Zone",4
1988.908,"Info","Arena",15,"Enter_Zone",1
1991.074,"Info","Arena",12,"Exit_Zone",1
1991.074,"Info","Arena",12,"Enter_Zone",4
1992.840,"Info","Arena",12,"Exit_Zone",4
1992.840,"Info","Arena",12,"Enter_Zone",2
1995.340,"Info","Arena",15,"Exit_Zone",1
1995.340,"Info","Arena",15,"Enter_Zone",4
1996.073,"Info","Arena",3,"Exit_Zone",2
1996.073,"Info","Arena",3,"Enter_Zone",4
1998.039,"Info","Arena",12,"Exit_Zone",2
1998.039,"Info","Arena",12,"Enter_Zone",4
2000.039,"Info","Arena",3,"Exit_Zone",4
2000.039,"Info","Arena",3,"Enter_Zone",3
2000.774,"Info","Arena",12,"Exit_Zone",4
2000.774,"Info","Arena",12,"Enter_Zone",1
2001.872,"Info","Arena",15,"Exit_Zone",4
2001.872,"Info","Arena",15,"Enter_Zone",1
2004.338,"Info","Arena",2,"Exit_Zone",4
2004.338,"Info","Arena",2,"Enter_Zone",3
2005.107,"Info","Arena",12,"Exit_Zone",1
2005.107,"Info","Arena",12,"Enter_Zone",4
2006.505,"Info","Arena",12,"Exit_Zone",4
2006.505,"Info","Arena",12,"Enter_Zone",3
2007.704,"Info","Arena",3,"Exit_Zone",3
2007.704,"Info","Arena",3,"Enter_Zone",4
2009.504,"Info","Arena",3,"Exit_Zone",4
2009.504,"Info","Arena",3,"Enter_Zone",1
2010.971,"Info","Arena",12,"Exit_Zone",3
2010.971,"Info","Arena",12,"Enter_Zone",4
2013.273,"Info","Arena",12,"Exit_Zone",4
2013.273,"Info","Arena",12,"Enter_Zone",2
2013.470,"Info","Arena",5,"Exit_Zone",3
2013.470,"Info","Arena",5,"Enter_Zone",4
2014.403,"Info","Arena",15,"Exit_Zone",1
2014.403,"Info","Arena",15,"Enter_Zone",4
2015.803,"Info","Arena",2,"Exit_Zone",3
2015.803,"Info","Arena",2,"Enter_Zone",4
2016.369,"Info","Arena",3,"Exit_Zone",1
2016.369,"Info","Arena",3,"Enter_Zone",4
2016.403,"Info","Arena",15,"Exit_Zone",4
2016.403,"Info","Arena",15,"Enter_Zone",3
2017.369,"Info","Arena",12,"Exit_Zone",2
2017.369,"Info","Arena",12,"Enter_Zone",4
2017.402,"Info","Arena",12,"Exit_Zone",4
2017.402,"Info","Arena",12,"Enter_Zone",2
2017.969,"Info","Arena",3,"Exit_Zone",4
2017.969,"Info","Arena",3,"Enter_Zone",2
2019.069,"Info","Arena",12,"Exit_Zone",2
2019.069,"Info","Arena",12,"Enter_Zone",4
2019.104,"Info","Arena",12,"Exit_Zone",4
2019.104,"Info","Arena",12,"Enter_Zone",2
2019.235,"Info","Arena",5,"Exit_Zone",4
2019.235,"Info","Arena",5,"Enter_Zone",2
2020.104,"Info","Arena",15,"Exit_Zone",3
2020.104,"Info","Arena",15,"Enter_Zone",4
2020.369,"Info","Arena",12,"Exit_Zone",2
2020.369,"Info","Arena",12,"Enter_Zone",4
2020.437,"Info","Arena",12,"Exit_Zone",4
2020.437,"Info","Arena",12,"Enter_Zone",2
2020.469,"Info","Arena",12,"Exit_Zone",2
2020.469,"Info","Arena",12,"Enter_Zone",4
2020.535,"Info","Arena",12,"Exit_Zone",4
2020.535,"Info","Arena",12,"Enter_Zone",2
2022.770,"Info","Arena",10,"Exit_Zone",1
2022.770,"Info","Arena",10,"Enter_Zone",4
2022.902,"Info","Arena",15,"Exit_Zone",4
2022.902,"Info","Arena",15,"Enter_Zone",1
2025.769,"Info","Arena",12,"Exit_Zone",2
2025.769,"Info","Arena",12,"Enter_Zone",4
2027.001,"Info","Arena",3,"Exit_Zone",2
2027.001,"Info","Arena",3,"Enter_Zone",4
2027.001,"Info","Arena",15,"Exit_Zone",1
2027.001,"Info","Arena",15,"Enter_Zone",4
2027.436,"Info","Arena",3,"Exit_Zone",4
2027.436,"Info","Arena",3,"Enter_Zone",2
2027.468,"Info","Arena",3,"Exit_Zone",2
2027.468,"Info","Arena",3,"Enter_Zone",4
2027.501,"Info","Arena",3,"Exit_Zone",4
2027.501,"Info","Arena",3,"Enter_Zone",2
2027.534,"Info","Arena",3,"Exit_Zone",2
2027.534,"Info","Arena",3,"Enter_Zone",4
2027.567,"Info","Arena",3,"Exit_Zone",4
2027.567,"Info","Arena",3,"Enter_Zone",2
2027.701,"Info","Arena",3,"Exit_Zone",2
2027.701,"Info","Arena",3,"Enter_Zone",4
2027.701,"Info","Arena",12,"Exit_Zone",4
2027.701,"Info","Arena",12,"Enter_Zone",1
2029.233,"Info","Arena",15,"Exit_Zone",4
2029.233,"Info","Arena",15,"Enter_Zone",3
2031.966,"Info","Arena",12,"Exit_Zone",1
2031.966,"Info","Arena",12,"Enter_Zone",4
2032.200,"Info","Arena",3,"Exit_Zone",4
2032.200,"Info","Arena",3,"Enter_Zone",3
2033.334,"Info","Arena",12,"Exit_Zone",4
2033.334,"Info","Arena",12,"Enter_Zone",3
2034.299,"Info","Arena",15,"Exit_Zone",3
2034.299,"Info","Arena",15,"Enter_Zone",4
2036.066,"Info","Arena",10,"Exit_Zone",4
2036.066,"Info","Arena",10,"Enter_Zone",2
2037.132,"Info","Arena",3,"Exit_Zone",3
2037.132,"Info","Arena",3,"Enter_Zone",4
2037.365,"Info","Arena",3,"Exit_Zone",4
2037.365,"Info","Arena",3,"Enter_Zone",3
2037.465,"Info","Arena",3,"Exit_Zone",3
2037.465,"Info","Arena",3,"Enter_Zone",4
2037.865,"Info","Arena",12,"Exit_Zone",3
2037.865,"Info","Arena",12,"Enter_Zone",4
2038.334,"Info","Arena",15,"Exit_Zone",4
2038.334,"Info","Arena",15,"Enter_Zone",1
2039.798,"Info","Arena",12,"Exit_Zone",4
2039.798,"Info","Arena",12,"Enter_Zone",2
2040.365,"Info","Arena",3,"Exit_Zone",4
2040.365,"Info","Arena",3,"Enter_Zone",1
2041.531,"Info","Arena",12,"Exit_Zone",2
2041.531,"Info","Arena",12,"Enter_Zone",4
2044.397,"Info","Arena",12,"Exit_Zone",4
2044.397,"Info","Arena",12,"Enter_Zone",2
2047.130,"Info","Arena",3,"Exit_Zone",1
2047.130,"Info","Arena",3,"Enter_Zone",4
2052.396,"Info","Arena",12,"Exit_Zone",2
2052.396,"Info","Arena",12,"Enter_Zone",4
2053.729,"Info","Arena",12,"Exit_Zone",4
2053.729,"Info","Arena",12,"Enter_Zone",2
2055.097,"Info","Arena",12,"Exit_Zone",2
2055.097,"Info","Arena",12,"Enter_Zone",4
2055.795,"Info","Arena",2,"Exit_Zone",4
2055.795,"Info","Arena",2,"Enter_Zone",1
2056.764,"Info","Arena",5,"Exit_Zone",2
2056.764,"Info","Arena",5,"Enter_Zone",4
2057.097,"Info","Arena",3,"Exit_Zone",4
2057.097,"Info","Arena",3,"Enter_Zone",2
2058.395,"Info","Arena",5,"Exit_Zone",4
2058.395,"Info","Arena",5,"Enter_Zone",1
2058.763,"Info","Arena",15,"Exit_Zone",1
2058.763,"Info","Arena",15,"Enter_Zone",4
2068.328,"Info","Arena",12,"Exit_Zone",4
2068.328,"Info","Arena",12,"Enter_Zone",3
2071.492,"Info","Arena",3,"Exit_Zone",2
2071.492,"Info","Arena",3,"Enter_Zone",4
2072.492,"Info","Arena",5,"Exit_Zone",1
2072.492,"Info","Arena",5,"Enter_Zone",4
2074.892,"Info","Arena",3,"Exit_Zone",4
2074.892,"Info","Arena",3,"Enter_Zone",3
2078.224,"Info","Arena",5,"Exit_Zone",4
2078.224,"Info","Arena",5,"Enter_Zone",2
2081.724,"Info","Arena",11,"Exit_Zone",1
2081.724,"Info","Arena",11,"Enter_Zone",4
2082.657,"Info","Arena",3,"Exit_Zone",3
2082.657,"Info","Arena",3,"Enter_Zone",4
2082.990,"Info","Arena",2,"Exit_Zone",1
2082.990,"Info","Arena",2,"Enter_Zone",4
2083.990,"Info","Arena",11,"Exit_Zone",4
2083.990,"Info","Arena",11,"Enter_Zone",3
2084.656,"Info","Arena",3,"Exit_Zone",4
2084.656,"Info","Arena",3,"Enter_Zone",1
2085.890,"Info","Arena",15,"Exit_Zone",4
2085.890,"Info","Arena",15,"Enter_Zone",1
2088.056,"Info","Arena",15,"Exit_Zone",1
2088.056,"Info","Arena",15,"Enter_Zone",4
2089.689,"Info","Arena",12,"Exit_Zone",3
2089.689,"Info","Arena",12,"Enter_Zone",4
2090.322,"Info","Arena",15,"Exit_Zone",4
2090.322,"Info","Arena",15,"Enter_Zone",3
2090.522,"Info","Arena",2,"Exit_Zone",4
2090.522,"Info","Arena",2,"Enter_Zone",2
2091.488,"Info","Arena",3,"Exit_Zone",1
2091.488,"Info","Arena",3,"Enter_Zone",4
2093.090,"Info","Arena",11,"Exit_Zone",3
2093.090,"Info","Arena",11,"Enter_Zone",4
2093.090,"Info","Arena",12,"Exit_Zone",4
2093.090,"Info","Arena",12,"Enter_Zone",1
2095.054,"Info","Arena",11,"Exit_Zone",4
2095.054,"Info","Arena",11,"Enter_Zone",2
2096.054,"Info","Arena",15,"Exit_Zone",3
2096.054,"Info","Arena",15,"Enter_Zone",4
2098.221,"Info","Arena",15,"Exit_Zone",4
2098.221,"Info","Arena",15,"Enter_Zone",1
2100.820,"Info","Arena",12,"Exit_Zone",1
2100.820,"Info","Arena",12,"Enter_Zone",4
2103.053,"Info","Arena",12,"Exit_Zone",4
2103.053,"Info","Arena",12,"Enter_Zone",2
2103.186,"Info","Arena",5,"Exit_Zone",2
2103.186,"Info","Arena",5,"Enter_Zone",4
2104.786,"Info","Arena",5,"Exit_Zone",4
2104.786,"Info","Arena",5,"Enter_Zone",3
2106.921,"Info","Arena",11,"Exit_Zone",2
2106.921,"Info","Arena",11,"Enter_Zone",4
2111.087,"Info","Arena",15,"Exit_Zone",1
2111.087,"Info","Arena",15,"Enter_Zone",4
2118.919,"Info","Arena",12,"Exit_Zone",2
2118.919,"Info","Arena",12,"Enter_Zone",4
2120.950,"Info","Arena",15,"Exit_Zone",4
2120.950,"Info","Arena",15,"Enter_Zone",3
2121.918,"Info","Arena",12,"Exit_Zone",4
2121.918,"Info","Arena",12,"Enter_Zone",1
2127.115,"Info","Arena",15,"Exit_Zone",3
2127.115,"Info","Arena",15,"Enter_Zone",4
2128.348,"Info","Arena",12,"Exit_Zone",1
2128.348,"Info","Arena",12,"Enter_Zone",4
2130.215,"Info","Arena",12,"Exit_Zone",4
2130.215,"Info","Arena",12,"Enter_Zone",3
2135.514,"Info","Arena",12,"Exit_Zone",3
2135.514,"Info","Arena",12,"Enter_Zone",4
2136.147,"Info","Arena",15,"Exit_Zone",4
2136.147,"Info","Arena",15,"Enter_Zone",2
2137.248,"Info","Arena",12,"Exit_Zone",4
2137.248,"Info","Arena",12,"Enter_Zone",2
2141.581,"Info","Arena",12,"Exit_Zone",2
2141.581,"Info","Arena",12,"Enter_Zone",4
2143.545,"Info","Arena",12,"Exit_Zone",4
2143.545,"Info","Arena",12,"Enter_Zone",1
2146.612,"Info","Arena",15,"Exit_Zone",2
2146.612,"Info","Arena",15,"Enter_Zone",4
2148.345,"Info","Arena",15,"Exit_Zone",4
2148.345,"Info","Arena",15,"Enter_Zone",2
2148.378,"Info","Arena",15,"Exit_Zone",2
2148.378,"Info","Arena",15,"Enter_Zone",4
2148.413,"Info","Arena",15,"Exit_Zone",4
2148.413,"Info","Arena",15,"Enter_Zone",2
2148.746,"Info","Arena",12,"Exit_Zone",1
2148.746,"Info","Arena",12,"Enter_Zone",4
2149.777,"Info","Arena",12,"Exit_Zone",4
2149.777,"Info","Arena",12,"Enter_Zone",3
2153.177,"Info","Arena",3,"Exit_Zone",4
2153.177,"Info","Arena",3,"Enter_Zone",3
2155.143,"Info","Arena",12,"Exit_Zone",3
2155.143,"Info","Arena",12,"Enter_Zone",4
2156.776,"Info","Arena",12,"Exit_Zone",4
2156.776,"Info","Arena",12,"Enter_Zone",2
2158.976,"Info","Arena",3,"Exit_Zone",3
2158.976,"Info","Arena",3,"Enter_Zone",4
2161.014,"Info","Arena",3,"Exit_Zone",4
2161.014,"Info","Arena",3,"Enter_Zone",1
2162.244,"Info","Arena",12,"Exit_Zone",2
2162.244,"Info","Arena",12,"Enter_Zone",4
2163.577,"Info","Arena",12,"Exit_Zone",4
2163.577,"Info","Arena",12,"Enter_Zone",1
2168.341,"Info","Arena",12,"Exit_Zone",1
2168.341,"Info","Arena",12,"Enter_Zone",4
2169.014,"Info","Arena",3,"Exit_Zone",1
2169.014,"Info","Arena",3,"Enter_Zone",4
2172.973,"Info","Arena",12,"Exit_Zone",4
2172.973,"Info","Arena",12,"Enter_Zone",1
2173.873,"Info","Arena",3,"Exit_Zone",4
2173.873,"Info","Arena",3,"Enter_Zone",2
2173.873,"Info","Arena",10,"Exit_Zone",2
2173.873,"Info","Arena",10,"Enter_Zone",4
2173.973,"Info","Arena",10,"Exit_Zone",4
2173.973,"Info","Arena",10,"Enter_Zone",2
2174.140,"Info","Arena",10,"Exit_Zone",2
2174.140,"Info","Arena",10,"Enter_Zone",4
2174.206,"Info","Arena",10,"Exit_Zone",4
2174.206,"Info","Arena",10,"Enter_Zone",2
2174.242,"Info","Arena",10,"Exit_Zone",2
2174.242,"Info","Arena",10,"Enter_Zone",4
2174.340,"Info","Arena",10,"Exit_Zone",4
2174.340,"Info","Arena",10,"Enter_Zone",2
2174.408,"Info","Arena",10,"Exit_Zone",2
2174.408,"Info","Arena",10,"Enter_Zone",4
2175.306,"Info","Arena",10,"Exit_Zone",4
2175.306,"Info","Arena",10,"Enter_Zone",2
2175.339,"Info","Arena",10,"Exit_Zone",2
2175.339,"Info","Arena",10,"Enter_Zone",4
2175.373,"Info","Arena",10,"Exit_Zone",4
2175.373,"Info","Arena",10,"Enter_Zone",2
2176.075,"Info","Arena",15,"Exit_Zone",2
2176.075,"Info","Arena",15,"Enter_Zone",4
2176.139,"Info","Arena",10,"Exit_Zone",2
2176.139,"Info","Arena",10,"Enter_Zone",4
2176.173,"Info","Arena",10,"Exit_Zone",4
2176.173,"Info","Arena",10,"Enter_Zone",2
2176.241,"Info","Arena",10,"Exit_Zone",2
2176.241,"Info","Arena",10,"Enter_Zone",4
2176.273,"Info","Arena",10,"Exit_Zone",4
2176.273,"Info","Arena",10,"Enter_Zone",2
2177.472,"Info","Arena",12,"Exit_Zone",1
2177.472,"Info","Arena",12,"Enter_Zone",4
2178.439,"Info","Arena",12,"Exit_Zone",4
2178.439,"Info","Arena",12,"Enter_Zone",3
2181.438,"Info","Arena",10,"Exit_Zone",2
2181.438,"Info","Arena",10,"Enter_Zone",4
2182.705,"Info","Arena",10,"Exit_Zone",4
2182.705,"Info","Arena",10,"Enter_Zone",2
2182.740,"Info","Arena",10,"Exit_Zone",2
2182.740,"Info","Arena",10,"Enter_Zone",4
2182.805,"Info","Arena",10,"Exit_Zone",4
2182.805,"Info","Arena",10,"Enter_Zone",2
2182.838,"Info","Arena",10,"Exit_Zone",2
2182.838,"Info","Arena",10,"Enter_Zone",4
2183.138,"Info","Arena",10,"Exit_Zone",4
2183.138,"Info","Arena",10,"Enter_Zone",2
2183.171,"Info","Arena",10,"Exit_Zone",2
2183.171,"Info","Arena",10,"Enter_Zone",4
2183.273,"Info","Arena",10,"Exit_Zone",4
2183.273,"Info","Arena",10,"Enter_Zone",2
2183.306,"Info","Arena",10,"Exit_Zone",2
2183.306,"Info","Arena",10,"Enter_Zone",4
2183.407,"Info","Arena",10,"Exit_Zone",4
2183.407,"Info","Arena",10,"Enter_Zone",2
2183.605,"Info","Arena",10,"Exit_Zone",2
2183.605,"Info","Arena",10,"Enter_Zone",4
2183.671,"Info","Arena",10,"Exit_Zone",4
2183.671,"Info","Arena",10,"Enter_Zone",2
2183.704,"Info","Arena",10,"Exit_Zone",2
2183.704,"Info","Arena",10,"Enter_Zone",4
2184.138,"Info","Arena",10,"Exit_Zone",4
2184.138,"Info","Arena",10,"Enter_Zone",2
2184.171,"Info","Arena",10,"Exit_Zone",2
2184.171,"Info","Arena",10,"Enter_Zone",4
2184.204,"Info","Arena",10,"Exit_Zone",4
2184.204,"Info","Arena",10,"Enter_Zone",2
2184.204,"Info","Arena",12,"Exit_Zone",3
2184.204,"Info","Arena",12,"Enter_Zone",4
2184.240,"Info","Arena",10,"Exit_Zone",2
2184.240,"Info","Arena",10,"Enter_Zone",4
2184.271,"Info","Arena",10,"Exit_Zone",4
2184.271,"Info","Arena",10,"Enter_Zone",2
2184.304,"Info","Arena",10,"Exit_Zone",2
2184.304,"Info","Arena",10,"Enter_Zone",4
2184.538,"Info","Arena",10,"Exit_Zone",4
2184.538,"Info","Arena",10,"Enter_Zone",2
2184.573,"Info","Arena",10,"Exit_Zone",2
2184.573,"Info","Arena",10,"Enter_Zone",4
2185.073,"Info","Arena",10,"Exit_Zone",4
2185.073,"Info","Arena",10,"Enter_Zone",2
2185.104,"Info","Arena",10,"Exit_Zone",2
2185.104,"Info","Arena",10,"Enter_Zone",4
2185.240,"Info","Arena",10,"Exit_Zone",4
2185.240,"Info","Arena",10,"Enter_Zone",2
2185.271,"Info","Arena",10,"Exit_Zone",2
2185.271,"Info","Arena",10,"Enter_Zone",4
2185.304,"Info","Arena",10,"Exit_Zone",4
2185.304,"Info","Arena",10,"Enter_Zone",2
2185.337,"Info","Arena",10,"Exit_Zone",2
2185.337,"Info","Arena",10,"Enter_Zone",4
2185.371,"Info","Arena",10,"Exit_Zone",4
2185.371,"Info","Arena",10,"Enter_Zone",2
2185.406,"Info","Arena",10,"Exit_Zone",2
2185.406,"Info","Arena",10,"Enter_Zone",4
2185.538,"Info","Arena",10,"Exit_Zone",4
2185.538,"Info","Arena",10,"Enter_Zone",2
2185.671,"Info","Arena",10,"Exit_Zone",2
2185.671,"Info","Arena",10,"Enter_Zone",4
2185.704,"Info","Arena",10,"Exit_Zone",4
2185.704,"Info","Arena",10,"Enter_Zone",2
2186.240,"Info","Arena",10,"Exit_Zone",2
2186.240,"Info","Arena",10,"Enter_Zone",4
2186.271,"Info","Arena",10,"Exit_Zone",4
2186.271,"Info","Arena",10,"Enter_Zone",2
2186.406,"Info","Arena",12,"Exit_Zone",4
2186.406,"Info","Arena",12,"Enter_Zone",2
2186.604,"Info","Arena",2,"Exit_Zone",2
2186.604,"Info","Arena",2,"Enter_Zone",4
2187.604,"Info","Arena",15,"Exit_Zone",4
2187.604,"Info","Arena",15,"Enter_Zone",1
2190.337,"Info","Arena",2,"Exit_Zone",4
2190.337,"Info","Arena",2,"Enter_Zone",1
2195.302,"Info","Arena",12,"Exit_Zone",2
2195.302,"Info","Arena",12,"Enter_Zone",4
2197.071,"Info","Arena",10,"Exit_Zone",2
2197.071,"Info","Arena",10,"Enter_Zone",4
2202.701,"Info","Arena",11,"Exit_Zone",4
2202.701,"Info","Arena",11,"Enter_Zone",3
2202.903,"Info","Arena",15,"Exit_Zone",1
2202.903,"Info","Arena",15,"Enter_Zone",4
2205.867,"Info","Arena",12,"Exit_Zone",4
2205.867,"Info","Arena",12,"Enter_Zone",1
2205.934,"Info","Arena",3,"Exit_Zone",2
2205.934,"Info","Arena",3,"Enter_Zone",4
2207.667,"Info","Arena",3,"Exit_Zone",4
2207.667,"Info","Arena",3,"Enter_Zone",3
2207.967,"Info","Arena",15,"Exit_Zone",4
2207.967,"Info","Arena",15,"Enter_Zone",2
2208.766,"Info","Arena",10,"Exit_Zone",4
2208.766,"Info","Arena",10,"Enter_Zone",3
2211.033,"Info","Arena",12,"Exit_Zone",1
2211.033,"Info","Arena",12,"Enter_Zone",4
2212.199,"Info","Arena",12,"Exit_Zone",4
2212.199,"Info","Arena",12,"Enter_Zone",3
2212.499,"Info","Arena",3,"Exit_Zone",3
2212.499,"Info","Arena",3,"Enter_Zone",4
2213.901,"Info","Arena",3,"Exit_Zone",4
2213.901,"Info","Arena",3,"Enter_Zone",1
2214.499,"Info","Arena",7,"Exit_Zone",3
2214.499,"Info","Arena",7,"Enter_Zone",4
2214.532,"Info","Arena",7,"Exit_Zone",4
2214.532,"Info","Arena",7,"Enter_Zone",3
2214.567,"Info","Arena",7,"Exit_Zone",3
2214.567,"Info","Arena",7,"Enter_Zone",4
2215.332,"Info","Arena",7,"Exit_Zone",4
2215.332,"Info","Arena",7,"Enter_Zone",3
2215.765,"Info","Arena",7,"Exit_Zone",3
2215.765,"Info","Arena",7,"Enter_Zone",4
2216.365,"Info","Arena",12,"Exit_Zone",3
2216.365,"Info","Arena",12,"Enter_Zone",4
2217.498,"Info","Arena",15,"Exit_Zone",2
2217.498,"Info","Arena",15,"Enter_Zone",4
2218.131,"Info","Arena",12,"Exit_Zone",4
2218.131,"Info","Arena",12,"Enter_Zone",2
2222.930,"Info","Arena",12,"Exit_Zone",2
2222.930,"Info","Arena",12,"Enter_Zone",4
2224.597,"Info","Arena",12,"Exit_Zone",4
2224.597,"Info","Arena",12,"Enter_Zone",1
2224.697,"Info","Arena",3,"Exit_Zone",1
2224.697,"Info","Arena",3,"Enter_Zone",4
2227.696,"Info","Arena",3,"Exit_Zone",4
2227.696,"Info","Arena",3,"Enter_Zone",2
2228.332,"Info","Arena",12,"Exit_Zone",1
2228.332,"Info","Arena",12,"Enter_Zone",4
2229.496,"Info","Arena",12,"Exit_Zone",4
2229.496,"Info","Arena",12,"Enter_Zone",3
2233.730,"Info","Arena",5,"Exit_Zone",3
2233.730,"Info","Arena",5,"Enter_Zone",4
2233.862,"Info","Arena",12,"Exit_Zone",3
2233.862,"Info","Arena",12,"Enter_Zone",4
2234.595,"Info","Arena",7,"Exit_Zone",4
2234.595,"Info","Arena",7,"Enter_Zone",2
2235.262,"Info","Arena",12,"Exit_Zone",4
2235.262,"Info","Arena",12,"Enter_Zone",2
2235.828,"Info","Arena",5,"Exit_Zone",4
2235.828,"Info","Arena",5,"Enter_Zone",2
2238.161,"Info","Arena",3,"Exit_Zone",2
2238.161,"Info","Arena",3,"Enter_Zone",4
2240.594,"Info","Arena",3,"Exit_Zone",4
2240.594,"Info","Arena",3,"Enter_Zone",3
2243.127,"Info","Arena",15,"Exit_Zone",4
2243.127,"Info","Arena",15,"Enter_Zone",2
2246.093,"Info","Arena",3,"Exit_Zone",3
2246.093,"Info","Arena",3,"Enter_Zone",4
2247.326,"Info","Arena",10,"Exit_Zone",3
2247.326,"Info","Arena",10,"Enter_Zone",4
2247.359,"Info","Arena",10,"Exit_Zone",4
2247.359,"Info","Arena",10,"Enter_Zone",3
2247.459,"Info","Arena",10,"Exit_Zone",3
2247.459,"Info","Arena",10,"Enter_Zone",4
2247.561,"Info","Arena",3,"Exit_Zone",4
2247.561,"Info","Arena",3,"Enter_Zone",1
2249.092,"Info","Arena",5,"Exit_Zone",2
2249.092,"Info","Arena",5,"Enter_Zone",4
2249.325,"Info","Arena",12,"Exit_Zone",2
2249.325,"Info","Arena",12,"Enter_Zone",4
2251.825,"Info","Arena",5,"Exit_Zone",4
2251.825,"Info","Arena",5,"Enter_Zone",3
2254.658,"Info","Arena",3,"Exit_Zone",1
2254.658,"Info","Arena",3,"Enter_Zone",4
2255.491,"Info","Arena",15,"Exit_Zone",2
2255.491,"Info","Arena",15,"Enter_Zone",4
2260.957,"Info","Arena",2,"Exit_Zone",1
2260.957,"Info","Arena",2,"Enter_Zone",4
2264.725,"Info","Arena",13,"Exit_Zone",2
2264.725,"Info","Arena",13,"Enter_Zone",4
2266.391,"Info","Arena",15,"Exit_Zone",4
2266.391,"Info","Arena",15,"Enter_Zone",1
2267.989,"Info","Arena",13,"Exit_Zone",4
2267.989,"Info","Arena",13,"Enter_Zone",3
2272.488,"Info","Arena",2,"Exit_Zone",4
2272.488,"Info","Arena",2,"Enter_Zone",3
2273.390,"Info","Arena",10,"Exit_Zone",4
2273.390,"Info","Arena",10,"Enter_Zone",2
2276.954,"Info","Arena",15,"Exit_Zone",1
2276.954,"Info","Arena",15,"Enter_Zone",4
2278.853,"Info","Arena",2,"Exit_Zone",3
2278.853,"Info","Arena",2,"Enter_Zone",4
2282.952,"Info","Arena",2,"Exit_Zone",4
2282.952,"Info","Arena",2,"Enter_Zone",1
2296.916,"Info","Arena",15,"Exit_Zone",4
2296.916,"Info","Arena",15,"Enter_Zone",2
2301.516,"Info","Arena",2,"Exit_Zone",1
2301.516,"Info","Arena",2,"Enter_Zone",4
2302.717,"Info","Arena",15,"Exit_Zone",2
2302.717,"Info","Arena",15,"Enter_Zone",4
2304.282,"Info","Arena",2,"Exit_Zone",4
2304.282,"Info","Arena",2,"Enter_Zone",2
2304.682,"Info","Arena",15,"Exit_Zone",4
2304.682,"Info","Arena",15,"Enter_Zone",1
2308.948,"Info","Arena",7,"Exit_Zone",2
2308.948,"Info","Arena",7,"Enter_Zone",4
2309.081,"Info","Arena",7,"Exit_Zone",4
2309.081,"Info","Arena",7,"Enter_Zone",2
2309.114,"Info","Arena",7,"Exit_Zone",2
2309.114,"Info","Arena",7,"Enter_Zone",4
2309.148,"Info","Arena",7,"Exit_Zone",4
2309.148,"Info","Arena",7,"Enter_Zone",2
2309.181,"Info","Arena",7,"Exit_Zone",2
2309.181,"Info","Arena",7,"Enter_Zone",4
2309.248,"Info","Arena",7,"Exit_Zone",4
2309.248,"Info","Arena",7,"Enter_Zone",2
2309.281,"Info","Arena",7,"Exit_Zone",2
2309.281,"Info","Arena",7,"Enter_Zone",4
2309.314,"Info","Arena",7,"Exit_Zone",4
2309.314,"Info","Arena",7,"Enter_Zone",2
2309.347,"Info","Arena",7,"Exit_Zone",2
2309.347,"Info","Arena",7,"Enter_Zone",4
2309.383,"Info","Arena",7,"Exit_Zone",4
2309.383,"Info","Arena",7,"Enter_Zone",2
2309.414,"Info","Arena",7,"Exit_Zone",2
2309.414,"Info","Arena",7,"Enter_Zone",4
2309.614,"Info","Arena",7,"Exit_Zone",4
2309.614,"Info","Arena",7,"Enter_Zone",2
2309.648,"Info","Arena",7,"Exit_Zone",2
2309.648,"Info","Arena",7,"Enter_Zone",4
2309.781,"Info","Arena",15,"Exit_Zone",1
2309.781,"Info","Arena",15,"Enter_Zone",4
2309.814,"Info","Arena",7,"Exit_Zone",4
2309.814,"Info","Arena",7,"Enter_Zone",2
2309.847,"Info","Arena",7,"Exit_Zone",2
2309.847,"Info","Arena",7,"Enter_Zone",4
2310.014,"Info","Arena",7,"Exit_Zone",4
2310.014,"Info","Arena",7,"Enter_Zone",2
2311.049,"Info","Arena",7,"Exit_Zone",2
2311.049,"Info","Arena",7,"Enter_Zone",4
2311.114,"Info","Arena",7,"Exit_Zone",4
2311.114,"Info","Arena",7,"Enter_Zone",2
2311.314,"Info","Arena",7,"Exit_Zone",2
2311.314,"Info","Arena",7,"Enter_Zone",4
2311.383,"Info","Arena",7,"Exit_Zone",4
2311.383,"Info","Arena",7,"Enter_Zone",2
2311.447,"Info","Arena",7,"Exit_Zone",2
2311.447,"Info","Arena",7,"Enter_Zone",4
2311.514,"Info","Arena",7,"Exit_Zone",4
2311.514,"Info","Arena",7,"Enter_Zone",2
2311.549,"Info","Arena",7,"Exit_Zone",2
2311.549,"Info","Arena",7,"Enter_Zone",4
2311.614,"Info","Arena",15,"Exit_Zone",4
2311.614,"Info","Arena",15,"Enter_Zone",3
2311.980,"Info","Arena",7,"Exit_Zone",4
2311.980,"Info","Arena",7,"Enter_Zone",2
2312.049,"Info","Arena",7,"Exit_Zone",2
2312.049,"Info","Arena",7,"Enter_Zone",4
2315.680,"Info","Arena",3,"Exit_Zone",4
2315.680,"Info","Arena",3,"Enter_Zone",2
2317.881,"Info","Arena",5,"Exit_Zone",3
2317.881,"Info","Arena",5,"Enter_Zone",4
2317.913,"Info","Arena",5,"Exit_Zone",4
2317.913,"Info","Arena",5,"Enter_Zone",3
2317.946,"Info","Arena",5,"Exit_Zone",3
2317.946,"Info","Arena",5,"Enter_Zone",4
2321.579,"Info","Arena",2,"Exit_Zone",2
2321.579,"Info","Arena",2,"Enter_Zone",4
2323.445,"Info","Arena",2,"Exit_Zone",4
2323.445,"Info","Arena",2,"Enter_Zone",1
2325.145,"Info","Arena",3,"Exit_Zone",2
2325.145,"Info","Arena",3,"Enter_Zone",4
2326.978,"Info","Arena",3,"Exit_Zone",4
2326.978,"Info","Arena",3,"Enter_Zone",3
2329.610,"Info","Arena",12,"Exit_Zone",4
2329.610,"Info","Arena",12,"Enter_Zone",3
2330.577,"Info","Arena",5,"Exit_Zone",4
2330.577,"Info","Arena",5,"Enter_Zone",2
2330.743,"Info","Arena",10,"Exit_Zone",2
2330.743,"Info","Arena",10,"Enter_Zone",4
2332.410,"Info","Arena",3,"Exit_Zone",3
2332.410,"Info","Arena",3,"Enter_Zone",4
2333.212,"Info","Arena",2,"Exit_Zone",1
2333.212,"Info","Arena",2,"Enter_Zone",4
2334.045,"Info","Arena",3,"Exit_Zone",4
2334.045,"Info","Arena",3,"Enter_Zone",1
2342.044,"Info","Arena",10,"Exit_Zone",4
2342.044,"Info","Arena",10,"Enter_Zone",2
2342.941,"Info","Arena",3,"Exit_Zone",1
2342.941,"Info","Arena",3,"Enter_Zone",4
2345.209,"Info","Arena",3,"Exit_Zone",4
2345.209,"Info","Arena",3,"Enter_Zone",2
2348.473,"Info","Arena",2,"Exit_Zone",4
2348.473,"Info","Arena",2,"Enter_Zone",2
2352.208,"Info","Arena",1,"Exit_Zone",2
2352.208,"Info","Arena",1,"Enter_Zone",4
2356.672,"Info","Arena",7,"Exit_Zone",4
2356.672,"Info","Arena",7,"Enter_Zone",2
2356.707,"Info","Arena",7,"Exit_Zone",2
2356.707,"Info","Arena",7,"Enter_Zone",4
2357.105,"Info","Arena",5,"Exit_Zone",2
2357.105,"Info","Arena",5,"Enter_Zone",4
2357.239,"Info","Arena",7,"Exit_Zone",4
2357.239,"Info","Arena",7,"Enter_Zone",2
2357.306,"Info","Arena",7,"Exit_Zone",2
2357.306,"Info","Arena",7,"Enter_Zone",4
2357.938,"Info","Arena",7,"Exit_Zone",4
2357.938,"Info","Arena",7,"Enter_Zone",2
2358.015,"Info","Arena",7,"Exit_Zone",2
2358.015,"Info","Arena",7,"Enter_Zone",4
2358.105,"Info","Arena",7,"Exit_Zone",4
2358.105,"Info","Arena",7,"Enter_Zone",2
2358.138,"Info","Arena",7,"Exit_Zone",2
2358.138,"Info","Arena",7,"Enter_Zone",4
2358.307,"Info","Arena",7,"Exit_Zone",4
2358.307,"Info","Arena",7,"Enter_Zone",2
2358.339,"Info","Arena",5,"Exit_Zone",4
2358.339,"Info","Arena",5,"Enter_Zone",1
2358.339,"Info","Arena",7,"Exit_Zone",2
2358.339,"Info","Arena",7,"Enter_Zone",4
2358.374,"Info","Arena",7,"Exit_Zone",4
2358.374,"Info","Arena",7,"Enter_Zone",2
2358.572,"Info","Arena",7,"Exit_Zone",2
2358.572,"Info","Arena",7,"Enter_Zone",4
2358.638,"Info","Arena",7,"Exit_Zone",4
2358.638,"Info","Arena",7,"Enter_Zone",2
2358.805,"Info","Arena",7,"Exit_Zone",2
2358.805,"Info","Arena",7,"Enter_Zone",4
2358.838,"Info","Arena",7,"Exit_Zone",4
2358.838,"Info","Arena",7,"Enter_Zone",2
2358.905,"Info","Arena",7,"Exit_Zone",2
2358.905,"Info","Arena",7,"Enter_Zone",4
2358.938,"Info","Arena",7,"Exit_Zone",4
2358.938,"Info","Arena",7,"Enter_Zone",2
2359.040,"Info","Arena",7,"Exit_Zone",2
2359.040,"Info","Arena",7,"Enter_Zone",4
2359.138,"Info","Arena",7,"Exit_Zone",4
2359.138,"Info","Arena",7,"Enter_Zone",2
2359.207,"Info","Arena",7,"Exit_Zone",2
2359.207,"Info","Arena",7,"Enter_Zone",4
2359.271,"Info","Arena",7,"Exit_Zone",4
2359.271,"Info","Arena",7,"Enter_Zone",2
2359.374,"Info","Arena",7,"Exit_Zone",2
2359.374,"Info","Arena",7,"Enter_Zone",4
2359.405,"Info","Arena",7,"Exit_Zone",4
2359.405,"Info","Arena",7,"Enter_Zone",2
2359.540,"Info","Arena",7,"Exit_Zone",2
2359.540,"Info","Arena",7,"Enter_Zone",4
2359.905,"Info","Arena",7,"Exit_Zone",4
2359.905,"Info","Arena",7,"Enter_Zone",2
2359.938,"Info","Arena",7,"Exit_Zone",2
2359.938,"Info","Arena",7,"Enter_Zone",4
2360.015,"Info","Arena",3,"Exit_Zone",2
2360.015,"Info","Arena",3,"Enter_Zone",4
2360.040,"Info","Arena",7,"Exit_Zone",4
2360.040,"Info","Arena",7,"Enter_Zone",2
2360.105,"Info","Arena",7,"Exit_Zone",2
2360.105,"Info","Arena",7,"Enter_Zone",4
2360.138,"Info","Arena",7,"Exit_Zone",4
2360.138,"Info","Arena",7,"Enter_Zone",2
2360.207,"Info","Arena",7,"Exit_Zone",2
2360.207,"Info","Arena",7,"Enter_Zone",4
2360.238,"Info","Arena",7,"Exit_Zone",4
2360.238,"Info","Arena",7,"Enter_Zone",2
2360.271,"Info","Arena",7,"Exit_Zone",2
2360.271,"Info","Arena",7,"Enter_Zone",4
2360.373,"Info","Arena",7,"Exit_Zone",4
2360.373,"Info","Arena",7,"Enter_Zone",2
2360.405,"Info","Arena",7,"Exit_Zone",2
2360.405,"Info","Arena",7,"Enter_Zone",4
2360.438,"Info","Arena",7,"Exit_Zone",4
2360.438,"Info","Arena",7,"Enter_Zone",2
2360.904,"Info","Arena",7,"Exit_Zone",2
2360.904,"Info","Arena",7,"Enter_Zone",4
2360.938,"Info","Arena",7,"Exit_Zone",4
2360.938,"Info","Arena",7,"Enter_Zone",2
2360.971,"Info","Arena",7,"Exit_Zone",2
2360.971,"Info","Arena",7,"Enter_Zone",4
2361.014,"Info","Arena",7,"Exit_Zone",4
2361.014,"Info","Arena",7,"Enter_Zone",2
2361.040,"Info","Arena",7,"Exit_Zone",2
2361.040,"Info","Arena",7,"Enter_Zone",4
2361.071,"Info","Arena",7,"Exit_Zone",4
2361.071,"Info","Arena",7,"Enter_Zone",2
2361.438,"Info","Arena",7,"Exit_Zone",2
2361.438,"Info","Arena",7,"Enter_Zone",4
2361.504,"Info","Arena",7,"Exit_Zone",4
2361.504,"Info","Arena",7,"Enter_Zone",2
2361.706,"Info","Arena",7,"Exit_Zone",2
2361.706,"Info","Arena",7,"Enter_Zone",4
2361.738,"Info","Arena",7,"Exit_Zone",4
2361.738,"Info","Arena",7,"Enter_Zone",2
2361.904,"Info","Arena",7,"Exit_Zone",2
2361.904,"Info","Arena",7,"Enter_Zone",4
2361.938,"Info","Arena",7,"Exit_Zone",4
2361.938,"Info","Arena",7,"Enter_Zone",2
2362.238,"Info","Arena",3,"Exit_Zone",4
2362.238,"Info","Arena",3,"Enter_Zone",3
2362.671,"Info","Arena",7,"Exit_Zone",2
2362.671,"Info","Arena",7,"Enter_Zone",4
2362.706,"Info","Arena",7,"Exit_Zone",4
2362.706,"Info","Arena",7,"Enter_Zone",2
2363.171,"Info","Arena",10,"Exit_Zone",2
2363.171,"Info","Arena",10,"Enter_Zone",4
2368.205,"Info","Arena",3,"Exit_Zone",3
2368.205,"Info","Arena",3,"Enter_Zone",4
2368.836,"Info","Arena",15,"Exit_Zone",3
2368.836,"Info","Arena",15,"Enter_Zone",4
2369.669,"Info","Arena",3,"Exit_Zone",4
2369.669,"Info","Arena",3,"Enter_Zone",1
2369.903,"Info","Arena",10,"Exit_Zone",4
2369.903,"Info","Arena",10,"Enter_Zone",3
2370.871,"Info","Arena",15,"Exit_Zone",4
2370.871,"Info","Arena",15,"Enter_Zone",2
2371.236,"Info","Arena",5,"Exit_Zone",1
2371.236,"Info","Arena",5,"Enter_Zone",4
2372.302,"Info","Arena",7,"Exit_Zone",2
2372.302,"Info","Arena",7,"Enter_Zone",4
2372.336,"Info","Arena",7,"Exit_Zone",4
2372.336,"Info","Arena",7,"Enter_Zone",2
2372.371,"Info","Arena",7,"Exit_Zone",2
2372.371,"Info","Arena",7,"Enter_Zone",4
2372.402,"Info","Arena",7,"Exit_Zone",4
2372.402,"Info","Arena",7,"Enter_Zone",2
2372.436,"Info","Arena",7,"Exit_Zone",2
2372.436,"Info","Arena",7,"Enter_Zone",4
2372.469,"Info","Arena",7,"Exit_Zone",4
2372.469,"Info","Arena",7,"Enter_Zone",2
2372.502,"Info","Arena",7,"Exit_Zone",2
2372.502,"Info","Arena",7,"Enter_Zone",4
2372.569,"Info","Arena",7,"Exit_Zone",4
2372.569,"Info","Arena",7,"Enter_Zone",2
2372.636,"Info","Arena",7,"Exit_Zone",2
2372.636,"Info","Arena",7,"Enter_Zone",4
2372.704,"Info","Arena",7,"Exit_Zone",4
2372.704,"Info","Arena",7,"Enter_Zone",2
2372.736,"Info","Arena",7,"Exit_Zone",2
2372.736,"Info","Arena",7,"Enter_Zone",4
2372.802,"Info","Arena",7,"Exit_Zone",4
2372.802,"Info","Arena",7,"Enter_Zone",2
2372.836,"Info","Arena",7,"Exit_Zone",2
2372.836,"Info","Arena",7,"Enter_Zone",4
2372.871,"Info","Arena",7,"Exit_Zone",4
2372.871,"Info","Arena",7,"Enter_Zone",2
2373.371,"Info","Arena",7,"Exit_Zone",2
2373.371,"Info","Arena",7,"Enter_Zone",4
2373.402,"Info","Arena",7,"Exit_Zone",4
2373.402,"Info","Arena",7,"Enter_Zone",2
2373.537,"Info","Arena",7,"Exit_Zone",2
2373.537,"Info","Arena",7,"Enter_Zone",4
2373.569,"Info","Arena",7,"Exit_Zone",4
2373.569,"Info","Arena",7,"Enter_Zone",2
2373.704,"Info","Arena",7,"Exit_Zone",2
2373.704,"Info","Arena",7,"Enter_Zone",4
2373.735,"Info","Arena",7,"Exit_Zone",4
2373.735,"Info","Arena",7,"Enter_Zone",2
2373.969,"Info","Arena",7,"Exit_Zone",2
2373.969,"Info","Arena",7,"Enter_Zone",4
2374.002,"Info","Arena",7,"Exit_Zone",4
2374.002,"Info","Arena",7,"Enter_Zone",2
2374.402,"Info","Arena",10,"Exit_Zone",3
2374.402,"Info","Arena",10,"Enter_Zone",4
2374.469,"Info","Arena",7,"Exit_Zone",2
2374.469,"Info","Arena",7,"Enter_Zone",4
2374.502,"Info","Arena",7,"Exit_Zone",4
2374.502,"Info","Arena",7,"Enter_Zone",2
2376.602,"Info","Arena",7,"Exit_Zone",2
2376.602,"Info","Arena",7,"Enter_Zone",4
2376.635,"Info","Arena",7,"Exit_Zone",4
2376.635,"Info","Arena",7,"Enter_Zone",2
2377.235,"Info","Arena",7,"Exit_Zone",2
2377.235,"Info","Arena",7,"Enter_Zone",4
2377.268,"Info","Arena",7,"Exit_Zone",4
2377.268,"Info","Arena",7,"Enter_Zone",2
2377.301,"Info","Arena",7,"Exit_Zone",2
2377.301,"Info","Arena",7,"Enter_Zone",4
2377.335,"Info","Arena",7,"Exit_Zone",4
2377.335,"Info","Arena",7,"Enter_Zone",2
2377.370,"Info","Arena",5,"Exit_Zone",4
2377.370,"Info","Arena",5,"Enter_Zone",3
2377.370,"Info","Arena",7,"Exit_Zone",2
2377.370,"Info","Arena",7,"Enter_Zone",4
2377.401,"Info","Arena",7,"Exit_Zone",4
2377.401,"Info","Arena",7,"Enter_Zone",2
2377.501,"Info","Arena",7,"Exit_Zone",2
2377.501,"Info","Arena",7,"Enter_Zone",4
2377.537,"Info","Arena",7,"Exit_Zone",4
2377.537,"Info","Arena",7,"Enter_Zone",2
2377.601,"Info","Arena",7,"Exit_Zone",2
2377.601,"Info","Arena",7,"Enter_Zone",4
2377.668,"Info","Arena",7,"Exit_Zone",4
2377.668,"Info","Arena",7,"Enter_Zone",2
2377.768,"Info","Arena",7,"Exit_Zone",2
2377.768,"Info","Arena",7,"Enter_Zone",4
2377.801,"Info","Arena",7,"Exit_Zone",4
2377.801,"Info","Arena",7,"Enter_Zone",2
2377.835,"Info","Arena",7,"Exit_Zone",2
2377.835,"Info","Arena",7,"Enter_Zone",4
2377.901,"Info","Arena",7,"Exit_Zone",4
2377.901,"Info","Arena",7,"Enter_Zone",2
2377.935,"Info","Arena",7,"Exit_Zone",2
2377.935,"Info","Arena",7,"Enter_Zone",4
2378.001,"Info","Arena",7,"Exit_Zone",4
2378.001,"Info","Arena",7,"Enter_Zone",2
2378.370,"Info","Arena",7,"Exit_Zone",2
2378.370,"Info","Arena",7,"Enter_Zone",4
2378.401,"Info","Arena",7,"Exit_Zone",4
2378.401,"Info","Arena",7,"Enter_Zone",2
2378.768,"Info","Arena",13,"Exit_Zone",3
2378.768,"Info","Arena",13,"Enter_Zone",4
2379.001,"Info","Arena",7,"Exit_Zone",2
2379.001,"Info","Arena",7,"Enter_Zone",4
2379.068,"Info","Arena",7,"Exit_Zone",4
2379.068,"Info","Arena",7,"Enter_Zone",2
2379.101,"Info","Arena",7,"Exit_Zone",2
2379.101,"Info","Arena",7,"Enter_Zone",4
2379.168,"Info","Arena",7,"Exit_Zone",4
2379.168,"Info","Arena",7,"Enter_Zone",2
2379.203,"Info","Arena",7,"Exit_Zone",2
2379.203,"Info","Arena",7,"Enter_Zone",4
2379.401,"Info","Arena",7,"Exit_Zone",4
2379.401,"Info","Arena",7,"Enter_Zone",2
2379.536,"Info","Arena",7,"Exit_Zone",2
2379.536,"Info","Arena",7,"Enter_Zone",4
2379.568,"Info","Arena",7,"Exit_Zone",4
2379.568,"Info","Arena",7,"Enter_Zone",2
2379.601,"Info","Arena",7,"Exit_Zone",2
2379.601,"Info","Arena",7,"Enter_Zone",4
2379.634,"Info","Arena",7,"Exit_Zone",4
2379.634,"Info","Arena",7,"Enter_Zone",2
2379.834,"Info","Arena",7,"Exit_Zone",2
2379.834,"Info","Arena",7,"Enter_Zone",4
2379.870,"Info","Arena",7,"Exit_Zone",4
2379.870,"Info","Arena",7,"Enter_Zone",2
2380.634,"Info","Arena",7,"Exit_Zone",2
2380.634,"Info","Arena",7,"Enter_Zone",4
2380.667,"Info","Arena",7,"Exit_Zone",4
2380.667,"Info","Arena",7,"Enter_Zone",2
2381.703,"Info","Arena",3,"Exit_Zone",1
2381.703,"Info","Arena",3,"Enter_Zone",4
2381.967,"Info","Arena",7,"Exit_Zone",2
2381.967,"Info","Arena",7,"Enter_Zone",4
2382.000,"Info","Arena",7,"Exit_Zone",4
2382.000,"Info","Arena",7,"Enter_Zone",2
2382.067,"Info","Arena",13,"Exit_Zone",4
2382.067,"Info","Arena",13,"Enter_Zone",1
2383.600,"Info","Arena",15,"Exit_Zone",2
2383.600,"Info","Arena",15,"Enter_Zone",4
2385.202,"Info","Arena",15,"Exit_Zone",4
2385.202,"Info","Arena",15,"Enter_Zone",1
2386.466,"Info","Arena",12,"Exit_Zone",3
2386.466,"Info","Arena",12,"Enter_Zone",4
2387.566,"Info","Arena",3,"Exit_Zone",4
2387.566,"Info","Arena",3,"Enter_Zone",2
2388.766,"Info","Arena",11,"Exit_Zone",3
2388.766,"Info","Arena",11,"Enter_Zone",4
2388.766,"Info","Arena",12,"Exit_Zone",4
2388.766,"Info","Arena",12,"Enter_Zone",2
2390.201,"Info","Arena",5,"Exit_Zone",3
2390.201,"Info","Arena",5,"Enter_Zone",4
2391.432,"Info","Arena",15,"Exit_Zone",1
2391.432,"Info","Arena",15,"Enter_Zone",4
2393.367,"Info","Arena",15,"Exit_Zone",4
2393.367,"Info","Arena",15,"Enter_Zone",2
2393.732,"Info","Arena",12,"Exit_Zone",2
2393.732,"Info","Arena",12,"Enter_Zone",4
2395.165,"Info","Arena",12,"Exit_Zone",4
2395.165,"Info","Arena",12,"Enter_Zone",1
2398.731,"Info","Arena",11,"Exit_Zone",4
2398.731,"Info","Arena",11,"Enter_Zone",2
2400.497,"Info","Arena",12,"Exit_Zone",1
2400.497,"Info","Arena",12,"Enter_Zone",4
2401.831,"Info","Arena",12,"Exit_Zone",4
2401.831,"Info","Arena",12,"Enter_Zone",3
""
"","","","","A1_ZONE1","A1_ZONE2","A1_ZONE3","A2_ZONE1","A2_ZONE2","A2_ZONE3","A3_ZONE1","A3_ZONE2","A3_ZONE3","A4_ZONE1","A4_ZONE2","A4_ZONE3","A5_ZONE1","A5_ZONE2","A5_ZONE3","A6_ZONE1","A6_ZONE2","A6_ZONE3","A7_ZONE1","A7_ZONE2","A7_ZONE3","A8_ZONE1","A8_ZONE2","A8_ZONE3","A9_ZONE1","A9_ZONE2","A9_ZONE3","A10_ZONE1","A10_ZONE2","A10_ZONE3","A11_ZONE1","A11_ZONE2","A11_ZONE3","A12_ZONE1","A12_ZONE2","A12_ZONE3","A13_ZONE1","A13_ZONE2","A13_ZONE3","A14_ZONE1","A14_ZONE2","A14_ZONE3","A15_ZONE1","A15_ZONE2","A15_ZONE3"
2402.305,"","","TOTAL_ZONE_DISTANCES",0.0,11.4,0.0,132.7,48.8,51.0,272.1,153.5,208.1,0.0,7.5,0.0,73.0,118.4,71.5,1.4,0.0,0.0,0.0,2.9,14.3,7.2,0.0,0.0,0.0,0.0,0.0,19.3,70.3,22.2,52.4,49.8,42.8,367.1,243.6,349.0,12.6,29.5,14.5,0.0,0.0,0.0,225.9,187.0,66.2
2402.306,"","","TOTAL_ZONE_COUNTS",0,1,0,8,4,4,15,18,16,0,1,0,5,16,8,1,0,0,0,68,3,7,0,0,1,0,0,1,32,3,3,14,23,27,31,27,1,81,1,0,0,0,19,35,8
2402.307,"","","TOTAL_ZONE_TIMERS",0.000,631.783,0.000,328.338,224.851,1067.399,285.178,234.589,629.350,0.000,1800.953,0.000,234.588,489.680,515.771,1800.953,0.000,0.000,0.000,117.449,1613.631,1708.870,0.000,0.000,1800.952,0.000,0.000,542.633,644.615,43.158,808.507,84.956,288.578,454.281,272.969,526.254,20.220,1503.365,110.779,0.000,0.000,0.000,854.571,507.528,98.845
2402.308,"Info","2021-04-23 05:45:36","Service 'E_ymaze_droso' : Execution end"
