0.000,"Info","2021-04-22 23:18:22","Service 'E_ymaze_droso' : Execution start"
0.000,"Info","Subject Identification","Z62B8E1_B_220421_9"
0.000,"Info","Apparatus","Zantiks MWP Unit"
0.000,"Info","Unit ID","62B8E1"
"TIME","","","ARENA","ACTION","ZONE"
601.378,"Info","Arena",1,"Enter_Zone",2
601.378,"Info","Arena",2,"Enter_Zone",1
601.378,"Info","Arena",3,"Enter_Zone",1
601.378,"Info","Arena",4,"Enter_Zone",3
601.378,"Info","Arena",5,"Enter_Zone",2
601.378,"Info","Arena",6,"Enter_Zone",3
601.378,"Info","Arena",7,"Enter_Zone",1
601.378,"Info","Arena",8,"Enter_Zone",2
601.378,"Info","Arena",9,"Enter_Zone",3
601.378,"Info","Arena",10,"Enter_Zone",3
601.378,"Info","Arena",11,"Enter_Zone",3
601.378,"Info","Arena",12,"Enter_Zone",2
601.378,"Info","Arena",13,"Enter_Zone",1
601.378,"Info","Arena",14,"Enter_Zone",1
601.378,"Info","Arena",15,"Enter_Zone",2
602.247,"Info","Arena",10,"Exit_Zone",3
602.247,"Info","Arena",10,"Enter_Zone",4
602.277,"Info","Arena",10,"Exit_Zone",4
602.277,"Info","Arena",10,"Enter_Zone",3
602.311,"Info","Arena",10,"Exit_Zone",3
602.311,"Info","Arena",10,"Enter_Zone",4
602.344,"Info","Arena",10,"Exit_Zone",4
602.344,"Info","Arena",10,"Enter_Zone",3
602.377,"Info","Arena",10,"Exit_Zone",3
602.377,"Info","Arena",10,"Enter_Zone",4
602.477,"Info","Arena",10,"Exit_Zone",4
602.477,"Info","Arena",10,"Enter_Zone",3
602.511,"Info","Arena",10,"Exit_Zone",3
602.511,"Info","Arena",10,"Enter_Zone",4
602.677,"Info","Arena",10,"Exit_Zone",4
602.677,"Info","Arena",10,"Enter_Zone",3
602.711,"Info","Arena",10,"Exit_Zone",3
602.711,"Info","Arena",10,"Enter_Zone",4
603.011,"Info","Arena",10,"Exit_Zone",4
603.011,"Info","Arena",10,"Enter_Zone",3
603.044,"Info","Arena",10,"Exit_Zone",3
603.044,"Info","Arena",10,"Enter_Zone",4
603.177,"Info","Arena",10,"Exit_Zone",4
603.177,"Info","Arena",10,"Enter_Zone",3
603.211,"Info","Arena",10,"Exit_Zone",3
603.211,"Info","Arena",10,"Enter_Zone",4
607.110,"Info","Arena",10,"Exit_Zone",4
607.110,"Info","Arena",10,"Enter_Zone",3
607.143,"Info","Arena",10,"Exit_Zone",3
607.143,"Info","Arena",10,"Enter_Zone",4
651.301,"Info","Arena",6,"Exit_Zone",3
651.301,"Info","Arena",6,"Enter_Zone",4
681.295,"Info","Arena",14,"Exit_Zone",1
681.295,"Info","Arena",14,"Enter_Zone",4
681.329,"Info","Arena",14,"Exit_Zone",4
681.329,"Info","Arena",14,"Enter_Zone",1
681.398,"Info","Arena",14,"Exit_Zone",1
681.398,"Info","Arena",14,"Enter_Zone",4
895.287,"Info","Arena",9,"Exit_Zone",3
895.287,"Info","Arena",9,"Enter_Zone",4
1054.856,"Info","Arena",13,"Exit_Zone",1
1054.856,"Info","Arena",13,"Enter_Zone",4
1054.890,"Info","Arena",13,"Exit_Zone",4
1054.890,"Info","Arena",13,"Enter_Zone",1
1054.923,"Info","Arena",13,"Exit_Zone",1
1054.923,"Info","Arena",13,"Enter_Zone",4
1089.485,"Info","Arena",4,"Exit_Zone",3
1089.485,"Info","Arena",4,"Enter_Zone",4
1089.516,"Info","Arena",4,"Exit_Zone",4
1089.516,"Info","Arena",4,"Enter_Zone",3
1089.616,"Info","Arena",4,"Exit_Zone",3
1089.616,"Info","Arena",4,"Enter_Zone",4
1089.652,"Info","Arena",4,"Exit_Zone",4
1089.652,"Info","Arena",4,"Enter_Zone",3
1089.783,"Info","Arena",4,"Exit_Zone",3
1089.783,"Info","Arena",4,"Enter_Zone",4
1089.825,"Info","Arena",4,"Exit_Zone",4
1089.825,"Info","Arena",4,"Enter_Zone",3
1089.849,"Info","Arena",4,"Exit_Zone",3
1089.849,"Info","Arena",4,"Enter_Zone",4
1089.916,"Info","Arena",4,"Exit_Zone",4
1089.916,"Info","Arena",4,"Enter_Zone",3
1089.950,"Info","Arena",4,"Exit_Zone",3
1089.950,"Info","Arena",4,"Enter_Zone",4
1089.985,"Info","Arena",4,"Exit_Zone",4
1089.985,"Info","Arena",4,"Enter_Zone",3
1090.049,"Info","Arena",4,"Exit_Zone",3
1090.049,"Info","Arena",4,"Enter_Zone",4
1090.152,"Info","Arena",4,"Exit_Zone",4
1090.152,"Info","Arena",4,"Enter_Zone",3
1090.216,"Info","Arena",4,"Exit_Zone",3
1090.216,"Info","Arena",4,"Enter_Zone",4
1090.318,"Info","Arena",4,"Exit_Zone",4
1090.318,"Info","Arena",4,"Enter_Zone",3
1090.349,"Info","Arena",4,"Exit_Zone",3
1090.349,"Info","Arena",4,"Enter_Zone",4
1112.345,"Info","Arena",4,"Exit_Zone",4
1112.345,"Info","Arena",4,"Enter_Zone",3
1113.945,"Info","Arena",4,"Exit_Zone",3
1113.945,"Info","Arena",4,"Enter_Zone",4
1114.011,"Info","Arena",4,"Exit_Zone",4
1114.011,"Info","Arena",4,"Enter_Zone",3
1114.345,"Info","Arena",4,"Exit_Zone",3
1114.345,"Info","Arena",4,"Enter_Zone",4
1114.411,"Info","Arena",4,"Exit_Zone",4
1114.411,"Info","Arena",4,"Enter_Zone",3
1114.480,"Info","Arena",4,"Exit_Zone",3
1114.480,"Info","Arena",4,"Enter_Zone",4
1114.511,"Info","Arena",4,"Exit_Zone",4
1114.511,"Info","Arena",4,"Enter_Zone",3
1114.545,"Info","Arena",4,"Exit_Zone",3
1114.545,"Info","Arena",4,"Enter_Zone",4
1114.578,"Info","Arena",4,"Exit_Zone",4
1114.578,"Info","Arena",4,"Enter_Zone",3
1114.611,"Info","Arena",4,"Exit_Zone",3
1114.611,"Info","Arena",4,"Enter_Zone",4
1115.444,"Info","Arena",4,"Exit_Zone",4
1115.444,"Info","Arena",4,"Enter_Zone",3
1115.480,"Info","Arena",4,"Exit_Zone",3
1115.480,"Info","Arena",4,"Enter_Zone",4
1115.545,"Info","Arena",4,"Exit_Zone",4
1115.545,"Info","Arena",4,"Enter_Zone",3
1115.647,"Info","Arena",4,"Exit_Zone",3
1115.647,"Info","Arena",4,"Enter_Zone",4
1115.814,"Info","Arena",4,"Exit_Zone",4
1115.814,"Info","Arena",4,"Enter_Zone",3
1115.844,"Info","Arena",4,"Exit_Zone",3
1115.844,"Info","Arena",4,"Enter_Zone",4
1116.344,"Info","Arena",4,"Exit_Zone",4
1116.344,"Info","Arena",4,"Enter_Zone",3
1116.378,"Info","Arena",4,"Exit_Zone",3
1116.378,"Info","Arena",4,"Enter_Zone",4
1116.678,"Info","Arena",4,"Exit_Zone",4
1116.678,"Info","Arena",4,"Enter_Zone",3
1116.711,"Info","Arena",4,"Exit_Zone",3
1116.711,"Info","Arena",4,"Enter_Zone",4
1125.609,"Info","Arena",4,"Exit_Zone",4
1125.609,"Info","Arena",4,"Enter_Zone",3
1125.645,"Info","Arena",4,"Exit_Zone",3
1125.645,"Info","Arena",4,"Enter_Zone",4
1125.676,"Info","Arena",4,"Exit_Zone",4
1125.676,"Info","Arena",4,"Enter_Zone",3
1129.442,"Info","Arena",4,"Exit_Zone",3
1129.442,"Info","Arena",4,"Enter_Zone",4
1129.477,"Info","Arena",4,"Exit_Zone",4
1129.477,"Info","Arena",4,"Enter_Zone",3
1129.708,"Info","Arena",4,"Exit_Zone",3
1129.708,"Info","Arena",4,"Enter_Zone",4
1129.742,"Info","Arena",4,"Exit_Zone",4
1129.742,"Info","Arena",4,"Enter_Zone",3
1129.775,"Info","Arena",4,"Exit_Zone",3
1129.775,"Info","Arena",4,"Enter_Zone",4
1129.875,"Info","Arena",4,"Exit_Zone",4
1129.875,"Info","Arena",4,"Enter_Zone",3
1130.042,"Info","Arena",4,"Exit_Zone",3
1130.042,"Info","Arena",4,"Enter_Zone",4
1130.075,"Info","Arena",4,"Exit_Zone",4
1130.075,"Info","Arena",4,"Enter_Zone",3
1130.208,"Info","Arena",4,"Exit_Zone",3
1130.208,"Info","Arena",4,"Enter_Zone",4
1130.242,"Info","Arena",4,"Exit_Zone",4
1130.242,"Info","Arena",4,"Enter_Zone",3
1130.375,"Info","Arena",4,"Exit_Zone",3
1130.375,"Info","Arena",4,"Enter_Zone",4
1130.408,"Info","Arena",4,"Exit_Zone",4
1130.408,"Info","Arena",4,"Enter_Zone",3
1130.575,"Info","Arena",4,"Exit_Zone",3
1130.575,"Info","Arena",4,"Enter_Zone",4
1130.609,"Info","Arena",4,"Exit_Zone",4
1130.609,"Info","Arena",4,"Enter_Zone",3
1130.644,"Info","Arena",4,"Exit_Zone",3
1130.644,"Info","Arena",4,"Enter_Zone",4
1130.675,"Info","Arena",4,"Exit_Zone",4
1130.675,"Info","Arena",4,"Enter_Zone",3
1130.708,"Info","Arena",4,"Exit_Zone",3
1130.708,"Info","Arena",4,"Enter_Zone",4
1130.775,"Info","Arena",4,"Exit_Zone",4
1130.775,"Info","Arena",4,"Enter_Zone",3
1130.810,"Info","Arena",4,"Exit_Zone",3
1130.810,"Info","Arena",4,"Enter_Zone",4
1130.941,"Info","Arena",4,"Exit_Zone",4
1130.941,"Info","Arena",4,"Enter_Zone",3
1130.977,"Info","Arena",4,"Exit_Zone",3
1130.977,"Info","Arena",4,"Enter_Zone",4
1142.975,"Info","Arena",4,"Exit_Zone",4
1142.975,"Info","Arena",4,"Enter_Zone",3
1143.073,"Info","Arena",4,"Exit_Zone",3
1143.073,"Info","Arena",4,"Enter_Zone",4
1143.106,"Info","Arena",4,"Exit_Zone",4
1143.106,"Info","Arena",4,"Enter_Zone",3
1143.239,"Info","Arena",4,"Exit_Zone",3
1143.239,"Info","Arena",4,"Enter_Zone",4
1143.308,"Info","Arena",4,"Exit_Zone",4
1143.308,"Info","Arena",4,"Enter_Zone",3
1143.406,"Info","Arena",4,"Exit_Zone",3
1143.406,"Info","Arena",4,"Enter_Zone",4
1143.808,"Info","Arena",4,"Exit_Zone",4
1143.808,"Info","Arena",4,"Enter_Zone",3
1143.839,"Info","Arena",4,"Exit_Zone",3
1143.839,"Info","Arena",4,"Enter_Zone",4
1153.004,"Info","Arena",4,"Exit_Zone",4
1153.004,"Info","Arena",4,"Enter_Zone",3
1153.070,"Info","Arena",4,"Exit_Zone",3
1153.070,"Info","Arena",4,"Enter_Zone",4
1153.170,"Info","Arena",4,"Exit_Zone",4
1153.170,"Info","Arena",4,"Enter_Zone",3
1153.204,"Info","Arena",4,"Exit_Zone",3
1153.204,"Info","Arena",4,"Enter_Zone",4
1153.737,"Info","Arena",4,"Exit_Zone",4
1153.737,"Info","Arena",4,"Enter_Zone",3
1154.270,"Info","Arena",4,"Exit_Zone",3
1154.270,"Info","Arena",4,"Enter_Zone",4
1154.306,"Info","Arena",4,"Exit_Zone",4
1154.306,"Info","Arena",4,"Enter_Zone",3
1154.370,"Info","Arena",4,"Exit_Zone",3
1154.370,"Info","Arena",4,"Enter_Zone",4
1170.667,"Info","Arena",14,"Exit_Zone",4
1170.667,"Info","Arena",14,"Enter_Zone",3
1193.096,"Info","Arena",5,"Exit_Zone",2
1193.096,"Info","Arena",5,"Enter_Zone",4
1215.925,"Info","Arena",3,"Exit_Zone",1
1215.925,"Info","Arena",3,"Enter_Zone",4
1215.960,"Info","Arena",3,"Exit_Zone",4
1215.960,"Info","Arena",3,"Enter_Zone",1
1215.992,"Info","Arena",3,"Exit_Zone",1
1215.992,"Info","Arena",3,"Enter_Zone",4
1245.086,"Info","Arena",11,"Exit_Zone",3
1245.086,"Info","Arena",11,"Enter_Zone",4
1245.122,"Info","Arena",11,"Exit_Zone",4
1245.122,"Info","Arena",11,"Enter_Zone",3
1245.186,"Info","Arena",11,"Exit_Zone",3
1245.186,"Info","Arena",11,"Enter_Zone",4
1245.219,"Info","Arena",11,"Exit_Zone",4
1245.219,"Info","Arena",11,"Enter_Zone",3
1245.352,"Info","Arena",11,"Exit_Zone",3
1245.352,"Info","Arena",11,"Enter_Zone",4
1245.386,"Info","Arena",11,"Exit_Zone",4
1245.386,"Info","Arena",11,"Enter_Zone",3
1245.686,"Info","Arena",11,"Exit_Zone",3
1245.686,"Info","Arena",11,"Enter_Zone",4
1245.752,"Info","Arena",11,"Exit_Zone",4
1245.752,"Info","Arena",11,"Enter_Zone",3
1246.520,"Info","Arena",11,"Exit_Zone",3
1246.520,"Info","Arena",11,"Enter_Zone",4
1246.554,"Info","Arena",11,"Exit_Zone",4
1246.554,"Info","Arena",11,"Enter_Zone",3
1247.085,"Info","Arena",11,"Exit_Zone",3
1247.085,"Info","Arena",11,"Enter_Zone",4
1247.185,"Info","Arena",11,"Exit_Zone",4
1247.185,"Info","Arena",11,"Enter_Zone",3
1247.252,"Info","Arena",11,"Exit_Zone",3
1247.252,"Info","Arena",11,"Enter_Zone",4
1247.352,"Info","Arena",11,"Exit_Zone",4
1247.352,"Info","Arena",11,"Enter_Zone",3
1252.251,"Info","Arena",11,"Exit_Zone",3
1252.251,"Info","Arena",11,"Enter_Zone",4
1252.287,"Info","Arena",11,"Exit_Zone",4
1252.287,"Info","Arena",11,"Enter_Zone",3
1257.017,"Info","Arena",3,"Exit_Zone",4
1257.017,"Info","Arena",3,"Enter_Zone",3
1258.119,"Info","Arena",11,"Exit_Zone",3
1258.119,"Info","Arena",11,"Enter_Zone",4
1258.150,"Info","Arena",11,"Exit_Zone",4
1258.150,"Info","Arena",11,"Enter_Zone",3
1258.452,"Info","Arena",11,"Exit_Zone",3
1258.452,"Info","Arena",11,"Enter_Zone",4
1260.583,"Info","Arena",11,"Exit_Zone",4
1260.583,"Info","Arena",11,"Enter_Zone",3
1262.249,"Info","Arena",11,"Exit_Zone",3
1262.249,"Info","Arena",11,"Enter_Zone",4
1262.285,"Info","Arena",11,"Exit_Zone",4
1262.285,"Info","Arena",11,"Enter_Zone",3
1267.617,"Info","Arena",11,"Exit_Zone",3
1267.617,"Info","Arena",11,"Enter_Zone",4
1267.648,"Info","Arena",11,"Exit_Zone",4
1267.648,"Info","Arena",11,"Enter_Zone",3
1267.881,"Info","Arena",11,"Exit_Zone",3
1267.881,"Info","Arena",11,"Enter_Zone",4
1267.950,"Info","Arena",11,"Exit_Zone",4
1267.950,"Info","Arena",11,"Enter_Zone",3
1268.015,"Info","Arena",11,"Exit_Zone",3
1268.015,"Info","Arena",11,"Enter_Zone",4
1268.515,"Info","Arena",11,"Exit_Zone",4
1268.515,"Info","Arena",11,"Enter_Zone",3
1268.617,"Info","Arena",11,"Exit_Zone",3
1268.617,"Info","Arena",11,"Enter_Zone",4
1273.480,"Info","Arena",11,"Exit_Zone",4
1273.480,"Info","Arena",11,"Enter_Zone",3
1273.580,"Info","Arena",11,"Exit_Zone",3
1273.580,"Info","Arena",11,"Enter_Zone",4
1273.616,"Info","Arena",11,"Exit_Zone",4
1273.616,"Info","Arena",11,"Enter_Zone",3
1273.647,"Info","Arena",11,"Exit_Zone",3
1273.647,"Info","Arena",11,"Enter_Zone",4
1292.843,"Info","Arena",11,"Exit_Zone",4
1292.843,"Info","Arena",11,"Enter_Zone",3
1292.877,"Info","Arena",11,"Exit_Zone",3
1292.877,"Info","Arena",11,"Enter_Zone",4
1294.410,"Info","Arena",11,"Exit_Zone",4
1294.410,"Info","Arena",11,"Enter_Zone",3
1294.445,"Info","Arena",11,"Exit_Zone",3
1294.445,"Info","Arena",11,"Enter_Zone",4
1294.476,"Info","Arena",11,"Exit_Zone",4
1294.476,"Info","Arena",11,"Enter_Zone",3
1294.510,"Info","Arena",11,"Exit_Zone",3
1294.510,"Info","Arena",11,"Enter_Zone",4
1294.543,"Info","Arena",11,"Exit_Zone",4
1294.543,"Info","Arena",11,"Enter_Zone",3
1294.612,"Info","Arena",11,"Exit_Zone",3
1294.612,"Info","Arena",11,"Enter_Zone",4
1294.643,"Info","Arena",11,"Exit_Zone",4
1294.643,"Info","Arena",11,"Enter_Zone",3
1294.676,"Info","Arena",11,"Exit_Zone",3
1294.676,"Info","Arena",11,"Enter_Zone",4
1294.743,"Info","Arena",11,"Exit_Zone",4
1294.743,"Info","Arena",11,"Enter_Zone",3
1294.945,"Info","Arena",11,"Exit_Zone",3
1294.945,"Info","Arena",11,"Enter_Zone",4
1295.043,"Info","Arena",11,"Exit_Zone",4
1295.043,"Info","Arena",11,"Enter_Zone",3
1295.076,"Info","Arena",11,"Exit_Zone",3
1295.076,"Info","Arena",11,"Enter_Zone",4
1295.612,"Info","Arena",11,"Exit_Zone",4
1295.612,"Info","Arena",11,"Enter_Zone",3
1295.643,"Info","Arena",11,"Exit_Zone",3
1295.643,"Info","Arena",11,"Enter_Zone",4
1329.503,"Info","Arena",11,"Exit_Zone",4
1329.503,"Info","Arena",11,"Enter_Zone",3
1329.536,"Info","Arena",11,"Exit_Zone",3
1329.536,"Info","Arena",11,"Enter_Zone",4
1329.636,"Info","Arena",11,"Exit_Zone",4
1329.636,"Info","Arena",11,"Enter_Zone",3
1329.938,"Info","Arena",11,"Exit_Zone",3
1329.938,"Info","Arena",11,"Enter_Zone",4
1330.003,"Info","Arena",11,"Exit_Zone",4
1330.003,"Info","Arena",11,"Enter_Zone",3
1330.036,"Info","Arena",11,"Exit_Zone",3
1330.036,"Info","Arena",11,"Enter_Zone",4
1330.403,"Info","Arena",11,"Exit_Zone",4
1330.403,"Info","Arena",11,"Enter_Zone",3
1330.438,"Info","Arena",11,"Exit_Zone",3
1330.438,"Info","Arena",11,"Enter_Zone",4
1330.469,"Info","Arena",11,"Exit_Zone",4
1330.469,"Info","Arena",11,"Enter_Zone",3
1330.536,"Info","Arena",11,"Exit_Zone",3
1330.536,"Info","Arena",11,"Enter_Zone",4
1330.569,"Info","Arena",11,"Exit_Zone",4
1330.569,"Info","Arena",11,"Enter_Zone",3
1330.736,"Info","Arena",11,"Exit_Zone",3
1330.736,"Info","Arena",11,"Enter_Zone",4
1330.772,"Info","Arena",11,"Exit_Zone",4
1330.772,"Info","Arena",11,"Enter_Zone",3
1331.069,"Info","Arena",11,"Exit_Zone",3
1331.069,"Info","Arena",11,"Enter_Zone",4
1331.105,"Info","Arena",11,"Exit_Zone",4
1331.105,"Info","Arena",11,"Enter_Zone",3
1331.169,"Info","Arena",11,"Exit_Zone",3
1331.169,"Info","Arena",11,"Enter_Zone",4
1331.202,"Info","Arena",11,"Exit_Zone",4
1331.202,"Info","Arena",11,"Enter_Zone",3
1331.236,"Info","Arena",11,"Exit_Zone",3
1331.236,"Info","Arena",11,"Enter_Zone",4
1331.271,"Info","Arena",11,"Exit_Zone",4
1331.271,"Info","Arena",11,"Enter_Zone",3
1331.438,"Info","Arena",11,"Exit_Zone",3
1331.438,"Info","Arena",11,"Enter_Zone",4
1331.606,"Info","Arena",11,"Exit_Zone",4
1331.606,"Info","Arena",11,"Enter_Zone",3
1331.637,"Info","Arena",11,"Exit_Zone",3
1331.637,"Info","Arena",11,"Enter_Zone",4
1331.669,"Info","Arena",11,"Exit_Zone",4
1331.669,"Info","Arena",11,"Enter_Zone",3
1331.702,"Info","Arena",11,"Exit_Zone",3
1331.702,"Info","Arena",11,"Enter_Zone",4
1331.736,"Info","Arena",11,"Exit_Zone",4
1331.736,"Info","Arena",11,"Enter_Zone",3
1331.938,"Info","Arena",11,"Exit_Zone",3
1331.938,"Info","Arena",11,"Enter_Zone",4
1331.969,"Info","Arena",11,"Exit_Zone",4
1331.969,"Info","Arena",11,"Enter_Zone",3
1332.105,"Info","Arena",11,"Exit_Zone",3
1332.105,"Info","Arena",11,"Enter_Zone",4
1332.136,"Info","Arena",11,"Exit_Zone",4
1332.136,"Info","Arena",11,"Enter_Zone",3
1332.169,"Info","Arena",11,"Exit_Zone",3
1332.169,"Info","Arena",11,"Enter_Zone",4
1332.236,"Info","Arena",11,"Exit_Zone",4
1332.236,"Info","Arena",11,"Enter_Zone",3
1332.271,"Info","Arena",11,"Exit_Zone",3
1332.271,"Info","Arena",11,"Enter_Zone",4
1332.302,"Info","Arena",11,"Exit_Zone",4
1332.302,"Info","Arena",11,"Enter_Zone",3
1332.336,"Info","Arena",11,"Exit_Zone",3
1332.336,"Info","Arena",11,"Enter_Zone",4
1333.271,"Info","Arena",11,"Exit_Zone",4
1333.271,"Info","Arena",11,"Enter_Zone",3
1333.302,"Info","Arena",11,"Exit_Zone",3
1333.302,"Info","Arena",11,"Enter_Zone",4
1336.002,"Info","Arena",11,"Exit_Zone",4
1336.002,"Info","Arena",11,"Enter_Zone",3
1336.401,"Info","Arena",11,"Exit_Zone",3
1336.401,"Info","Arena",11,"Enter_Zone",4
1336.535,"Info","Arena",11,"Exit_Zone",4
1336.535,"Info","Arena",11,"Enter_Zone",3
1336.605,"Info","Arena",11,"Exit_Zone",3
1336.605,"Info","Arena",11,"Enter_Zone",4
1336.636,"Info","Arena",11,"Exit_Zone",4
1336.636,"Info","Arena",11,"Enter_Zone",3
1336.702,"Info","Arena",11,"Exit_Zone",3
1336.702,"Info","Arena",11,"Enter_Zone",4
1336.735,"Info","Arena",11,"Exit_Zone",4
1336.735,"Info","Arena",11,"Enter_Zone",3
1367.598,"Info","Arena",14,"Exit_Zone",3
1367.598,"Info","Arena",14,"Enter_Zone",4
1405.021,"Info","Arena",14,"Exit_Zone",4
1405.021,"Info","Arena",14,"Enter_Zone",3
1408.987,"Info","Arena",14,"Exit_Zone",3
1408.987,"Info","Arena",14,"Enter_Zone",4
1409.021,"Info","Arena",14,"Exit_Zone",4
1409.021,"Info","Arena",14,"Enter_Zone",3
1409.256,"Info","Arena",14,"Exit_Zone",3
1409.256,"Info","Arena",14,"Enter_Zone",4
1409.287,"Info","Arena",14,"Exit_Zone",4
1409.287,"Info","Arena",14,"Enter_Zone",3
1409.387,"Info","Arena",14,"Exit_Zone",3
1409.387,"Info","Arena",14,"Enter_Zone",4
1409.423,"Info","Arena",14,"Exit_Zone",4
1409.423,"Info","Arena",14,"Enter_Zone",3
1409.521,"Info","Arena",14,"Exit_Zone",3
1409.521,"Info","Arena",14,"Enter_Zone",4
1409.554,"Info","Arena",14,"Exit_Zone",4
1409.554,"Info","Arena",14,"Enter_Zone",3
1409.825,"Info","Arena",14,"Exit_Zone",3
1409.825,"Info","Arena",14,"Enter_Zone",4
1409.854,"Info","Arena",14,"Exit_Zone",4
1409.854,"Info","Arena",14,"Enter_Zone",3
1409.923,"Info","Arena",14,"Exit_Zone",3
1409.923,"Info","Arena",14,"Enter_Zone",4
1409.954,"Info","Arena",14,"Exit_Zone",4
1409.954,"Info","Arena",14,"Enter_Zone",3
1410.220,"Info","Arena",14,"Exit_Zone",3
1410.220,"Info","Arena",14,"Enter_Zone",4
1410.256,"Info","Arena",14,"Exit_Zone",4
1410.256,"Info","Arena",14,"Enter_Zone",3
1410.423,"Info","Arena",14,"Exit_Zone",3
1410.423,"Info","Arena",14,"Enter_Zone",4
1410.520,"Info","Arena",14,"Exit_Zone",4
1410.520,"Info","Arena",14,"Enter_Zone",3
1410.589,"Info","Arena",14,"Exit_Zone",3
1410.589,"Info","Arena",14,"Enter_Zone",4
1410.620,"Info","Arena",14,"Exit_Zone",4
1410.620,"Info","Arena",14,"Enter_Zone",3
1410.654,"Info","Arena",14,"Exit_Zone",3
1410.654,"Info","Arena",14,"Enter_Zone",4
1410.720,"Info","Arena",14,"Exit_Zone",4
1410.720,"Info","Arena",14,"Enter_Zone",3
1410.756,"Info","Arena",14,"Exit_Zone",3
1410.756,"Info","Arena",14,"Enter_Zone",4
1410.923,"Info","Arena",14,"Exit_Zone",4
1410.923,"Info","Arena",14,"Enter_Zone",3
1410.954,"Info","Arena",14,"Exit_Zone",3
1410.954,"Info","Arena",14,"Enter_Zone",4
1426.253,"Info","Arena",14,"Exit_Zone",4
1426.253,"Info","Arena",14,"Enter_Zone",3
1426.284,"Info","Arena",14,"Exit_Zone",3
1426.284,"Info","Arena",14,"Enter_Zone",4
1426.351,"Info","Arena",14,"Exit_Zone",4
1426.351,"Info","Arena",14,"Enter_Zone",3
1426.384,"Info","Arena",14,"Exit_Zone",3
1426.384,"Info","Arena",14,"Enter_Zone",4
1426.984,"Info","Arena",14,"Exit_Zone",4
1426.984,"Info","Arena",14,"Enter_Zone",3
1427.017,"Info","Arena",14,"Exit_Zone",3
1427.017,"Info","Arena",14,"Enter_Zone",4
1427.919,"Info","Arena",14,"Exit_Zone",4
1427.919,"Info","Arena",14,"Enter_Zone",3
1427.950,"Info","Arena",14,"Exit_Zone",3
1427.950,"Info","Arena",14,"Enter_Zone",4
1428.017,"Info","Arena",14,"Exit_Zone",4
1428.017,"Info","Arena",14,"Enter_Zone",3
1428.050,"Info","Arena",14,"Exit_Zone",3
1428.050,"Info","Arena",14,"Enter_Zone",4
1428.317,"Info","Arena",14,"Exit_Zone",4
1428.317,"Info","Arena",14,"Enter_Zone",3
1428.350,"Info","Arena",14,"Exit_Zone",3
1428.350,"Info","Arena",14,"Enter_Zone",4
1428.550,"Info","Arena",14,"Exit_Zone",4
1428.550,"Info","Arena",14,"Enter_Zone",3
1428.586,"Info","Arena",14,"Exit_Zone",3
1428.586,"Info","Arena",14,"Enter_Zone",4
1429.117,"Info","Arena",14,"Exit_Zone",4
1429.117,"Info","Arena",14,"Enter_Zone",3
1429.150,"Info","Arena",14,"Exit_Zone",3
1429.150,"Info","Arena",14,"Enter_Zone",4
1429.950,"Info","Arena",14,"Exit_Zone",4
1429.950,"Info","Arena",14,"Enter_Zone",3
1429.983,"Info","Arena",14,"Exit_Zone",3
1429.983,"Info","Arena",14,"Enter_Zone",4
1430.050,"Info","Arena",14,"Exit_Zone",4
1430.050,"Info","Arena",14,"Enter_Zone",3
1430.086,"Info","Arena",14,"Exit_Zone",3
1430.086,"Info","Arena",14,"Enter_Zone",4
1430.150,"Info","Arena",14,"Exit_Zone",4
1430.150,"Info","Arena",14,"Enter_Zone",3
1430.183,"Info","Arena",14,"Exit_Zone",3
1430.183,"Info","Arena",14,"Enter_Zone",4
1430.383,"Info","Arena",14,"Exit_Zone",4
1430.383,"Info","Arena",14,"Enter_Zone",3
1430.450,"Info","Arena",14,"Exit_Zone",3
1430.450,"Info","Arena",14,"Enter_Zone",4
1430.550,"Info","Arena",14,"Exit_Zone",4
1430.550,"Info","Arena",14,"Enter_Zone",3
1430.585,"Info","Arena",14,"Exit_Zone",3
1430.585,"Info","Arena",14,"Enter_Zone",4
1430.617,"Info","Arena",14,"Exit_Zone",4
1430.617,"Info","Arena",14,"Enter_Zone",3
1430.650,"Info","Arena",14,"Exit_Zone",3
1430.650,"Info","Arena",14,"Enter_Zone",4
1430.683,"Info","Arena",14,"Exit_Zone",4
1430.683,"Info","Arena",14,"Enter_Zone",3
1466.545,"Info","Arena",14,"Exit_Zone",3
1466.545,"Info","Arena",14,"Enter_Zone",4
1466.580,"Info","Arena",14,"Exit_Zone",4
1466.580,"Info","Arena",14,"Enter_Zone",3
1466.611,"Info","Arena",14,"Exit_Zone",3
1466.611,"Info","Arena",14,"Enter_Zone",4
1466.843,"Info","Arena",14,"Exit_Zone",4
1466.843,"Info","Arena",14,"Enter_Zone",3
1466.912,"Info","Arena",14,"Exit_Zone",3
1466.912,"Info","Arena",14,"Enter_Zone",4
1467.143,"Info","Arena",14,"Exit_Zone",4
1467.143,"Info","Arena",14,"Enter_Zone",3
1467.578,"Info","Arena",14,"Exit_Zone",3
1467.578,"Info","Arena",14,"Enter_Zone",4
1467.676,"Info","Arena",14,"Exit_Zone",4
1467.676,"Info","Arena",14,"Enter_Zone",3
1467.709,"Info","Arena",14,"Exit_Zone",3
1467.709,"Info","Arena",14,"Enter_Zone",4
1467.876,"Info","Arena",14,"Exit_Zone",4
1467.876,"Info","Arena",14,"Enter_Zone",3
1498.103,"Info","Arena",4,"Exit_Zone",4
1498.103,"Info","Arena",4,"Enter_Zone",1
1501.573,"Info","Arena",4,"Exit_Zone",1
1501.573,"Info","Arena",4,"Enter_Zone",4
1501.703,"Info","Arena",4,"Exit_Zone",4
1501.703,"Info","Arena",4,"Enter_Zone",1
1501.740,"Info","Arena",4,"Exit_Zone",1
1501.740,"Info","Arena",4,"Enter_Zone",4
1501.837,"Info","Arena",4,"Exit_Zone",4
1501.837,"Info","Arena",4,"Enter_Zone",1
1502.071,"Info","Arena",4,"Exit_Zone",1
1502.071,"Info","Arena",4,"Enter_Zone",4
1503.669,"Info","Arena",4,"Exit_Zone",4
1503.669,"Info","Arena",4,"Enter_Zone",1
1503.703,"Info","Arena",4,"Exit_Zone",1
1503.703,"Info","Arena",4,"Enter_Zone",4
1503.769,"Info","Arena",4,"Exit_Zone",4
1503.769,"Info","Arena",4,"Enter_Zone",1
1503.802,"Info","Arena",4,"Exit_Zone",1
1503.802,"Info","Arena",4,"Enter_Zone",4
1503.905,"Info","Arena",4,"Exit_Zone",4
1503.905,"Info","Arena",4,"Enter_Zone",1
1504.238,"Info","Arena",4,"Exit_Zone",1
1504.238,"Info","Arena",4,"Enter_Zone",4
1504.269,"Info","Arena",4,"Exit_Zone",4
1504.269,"Info","Arena",4,"Enter_Zone",1
1504.536,"Info","Arena",4,"Exit_Zone",1
1504.536,"Info","Arena",4,"Enter_Zone",4
1504.635,"Info","Arena",4,"Exit_Zone",4
1504.635,"Info","Arena",4,"Enter_Zone",1
1504.738,"Info","Arena",4,"Exit_Zone",1
1504.738,"Info","Arena",4,"Enter_Zone",4
1504.769,"Info","Arena",4,"Exit_Zone",4
1504.769,"Info","Arena",4,"Enter_Zone",1
1504.869,"Info","Arena",4,"Exit_Zone",1
1504.869,"Info","Arena",4,"Enter_Zone",4
1505.002,"Info","Arena",4,"Exit_Zone",4
1505.002,"Info","Arena",4,"Enter_Zone",1
1505.035,"Info","Arena",4,"Exit_Zone",1
1505.035,"Info","Arena",4,"Enter_Zone",4
1505.269,"Info","Arena",4,"Exit_Zone",4
1505.269,"Info","Arena",4,"Enter_Zone",1
1533.232,"Info","Arena",12,"Exit_Zone",2
1533.232,"Info","Arena",12,"Enter_Zone",4
1533.263,"Info","Arena",12,"Exit_Zone",4
1533.263,"Info","Arena",12,"Enter_Zone",2
1533.297,"Info","Arena",12,"Exit_Zone",2
1533.297,"Info","Arena",12,"Enter_Zone",4
1533.330,"Info","Arena",12,"Exit_Zone",4
1533.330,"Info","Arena",12,"Enter_Zone",2
1535.629,"Info","Arena",12,"Exit_Zone",2
1535.629,"Info","Arena",12,"Enter_Zone",4
1535.663,"Info","Arena",12,"Exit_Zone",4
1535.663,"Info","Arena",12,"Enter_Zone",2
1536.163,"Info","Arena",12,"Exit_Zone",2
1536.163,"Info","Arena",12,"Enter_Zone",4
1536.196,"Info","Arena",12,"Exit_Zone",4
1536.196,"Info","Arena",12,"Enter_Zone",2
1537.231,"Info","Arena",11,"Exit_Zone",3
1537.231,"Info","Arena",11,"Enter_Zone",4
1538.662,"Info","Arena",12,"Exit_Zone",2
1538.662,"Info","Arena",12,"Enter_Zone",4
1538.695,"Info","Arena",12,"Exit_Zone",4
1538.695,"Info","Arena",12,"Enter_Zone",2
1538.796,"Info","Arena",12,"Exit_Zone",2
1538.796,"Info","Arena",12,"Enter_Zone",4
1538.862,"Info","Arena",12,"Exit_Zone",4
1538.862,"Info","Arena",12,"Enter_Zone",2
1538.962,"Info","Arena",12,"Exit_Zone",2
1538.962,"Info","Arena",12,"Enter_Zone",4
1539.064,"Info","Arena",12,"Exit_Zone",4
1539.064,"Info","Arena",12,"Enter_Zone",2
1539.129,"Info","Arena",12,"Exit_Zone",2
1539.129,"Info","Arena",12,"Enter_Zone",4
1539.162,"Info","Arena",12,"Exit_Zone",4
1539.162,"Info","Arena",12,"Enter_Zone",2
1539.231,"Info","Arena",12,"Exit_Zone",2
1539.231,"Info","Arena",12,"Enter_Zone",4
1539.262,"Info","Arena",12,"Exit_Zone",4
1539.262,"Info","Arena",12,"Enter_Zone",2
1539.829,"Info","Arena",12,"Exit_Zone",2
1539.829,"Info","Arena",12,"Enter_Zone",4
1539.862,"Info","Arena",12,"Exit_Zone",4
1539.862,"Info","Arena",12,"Enter_Zone",2
1540.362,"Info","Arena",12,"Exit_Zone",2
1540.362,"Info","Arena",12,"Enter_Zone",4
1540.398,"Info","Arena",12,"Exit_Zone",4
1540.398,"Info","Arena",12,"Enter_Zone",2
1540.496,"Info","Arena",12,"Exit_Zone",2
1540.496,"Info","Arena",12,"Enter_Zone",4
1540.529,"Info","Arena",12,"Exit_Zone",4
1540.529,"Info","Arena",12,"Enter_Zone",2
1540.897,"Info","Arena",12,"Exit_Zone",2
1540.897,"Info","Arena",12,"Enter_Zone",4
1540.929,"Info","Arena",12,"Exit_Zone",4
1540.929,"Info","Arena",12,"Enter_Zone",2
1541.162,"Info","Arena",12,"Exit_Zone",2
1541.162,"Info","Arena",12,"Enter_Zone",4
1541.195,"Info","Arena",12,"Exit_Zone",4
1541.195,"Info","Arena",12,"Enter_Zone",2
1541.862,"Info","Arena",12,"Exit_Zone",2
1541.862,"Info","Arena",12,"Enter_Zone",4
1541.928,"Info","Arena",12,"Exit_Zone",4
1541.928,"Info","Arena",12,"Enter_Zone",2
1542.795,"Info","Arena",12,"Exit_Zone",2
1542.795,"Info","Arena",12,"Enter_Zone",4
1542.828,"Info","Arena",12,"Exit_Zone",4
1542.828,"Info","Arena",12,"Enter_Zone",2
1542.928,"Info","Arena",12,"Exit_Zone",2
1542.928,"Info","Arena",12,"Enter_Zone",4
1542.961,"Info","Arena",12,"Exit_Zone",4
1542.961,"Info","Arena",12,"Enter_Zone",2
1543.064,"Info","Arena",12,"Exit_Zone",2
1543.064,"Info","Arena",12,"Enter_Zone",4
1543.095,"Info","Arena",12,"Exit_Zone",4
1543.095,"Info","Arena",12,"Enter_Zone",2
1543.230,"Info","Arena",12,"Exit_Zone",2
1543.230,"Info","Arena",12,"Enter_Zone",4
1543.794,"Info","Arena",12,"Exit_Zone",4
1543.794,"Info","Arena",12,"Enter_Zone",2
1543.828,"Info","Arena",12,"Exit_Zone",2
1543.828,"Info","Arena",12,"Enter_Zone",4
1543.897,"Info","Arena",12,"Exit_Zone",4
1543.897,"Info","Arena",12,"Enter_Zone",2
1543.928,"Info","Arena",12,"Exit_Zone",2
1543.928,"Info","Arena",12,"Enter_Zone",4
1544.028,"Info","Arena",12,"Exit_Zone",4
1544.028,"Info","Arena",12,"Enter_Zone",2
1544.094,"Info","Arena",12,"Exit_Zone",2
1544.094,"Info","Arena",12,"Enter_Zone",4
1544.128,"Info","Arena",12,"Exit_Zone",4
1544.128,"Info","Arena",12,"Enter_Zone",2
1544.161,"Info","Arena",12,"Exit_Zone",2
1544.161,"Info","Arena",12,"Enter_Zone",4
1544.194,"Info","Arena",12,"Exit_Zone",4
1544.194,"Info","Arena",12,"Enter_Zone",2
1544.230,"Info","Arena",12,"Exit_Zone",2
1544.230,"Info","Arena",12,"Enter_Zone",4
1544.261,"Info","Arena",12,"Exit_Zone",4
1544.261,"Info","Arena",12,"Enter_Zone",2
1544.361,"Info","Arena",12,"Exit_Zone",2
1544.361,"Info","Arena",12,"Enter_Zone",4
1544.397,"Info","Arena",12,"Exit_Zone",4
1544.397,"Info","Arena",12,"Enter_Zone",2
1557.159,"Info","Arena",12,"Exit_Zone",2
1557.159,"Info","Arena",12,"Enter_Zone",4
1557.192,"Info","Arena",12,"Exit_Zone",4
1557.192,"Info","Arena",12,"Enter_Zone",2
1557.525,"Info","Arena",12,"Exit_Zone",2
1557.525,"Info","Arena",12,"Enter_Zone",4
1557.592,"Info","Arena",12,"Exit_Zone",4
1557.592,"Info","Arena",12,"Enter_Zone",2
1557.625,"Info","Arena",12,"Exit_Zone",2
1557.625,"Info","Arena",12,"Enter_Zone",4
1557.658,"Info","Arena",12,"Exit_Zone",4
1557.658,"Info","Arena",12,"Enter_Zone",2
1557.758,"Info","Arena",12,"Exit_Zone",2
1557.758,"Info","Arena",12,"Enter_Zone",4
1557.859,"Info","Arena",12,"Exit_Zone",4
1557.859,"Info","Arena",12,"Enter_Zone",2
1577.088,"Info","Arena",3,"Exit_Zone",3
1577.088,"Info","Arena",3,"Enter_Zone",4
1603.150,"Info","Arena",4,"Exit_Zone",1
1603.150,"Info","Arena",4,"Enter_Zone",4
1603.250,"Info","Arena",4,"Exit_Zone",4
1603.250,"Info","Arena",4,"Enter_Zone",1
1603.385,"Info","Arena",4,"Exit_Zone",1
1603.385,"Info","Arena",4,"Enter_Zone",4
1603.416,"Info","Arena",4,"Exit_Zone",4
1603.416,"Info","Arena",4,"Enter_Zone",1
1606.982,"Info","Arena",4,"Exit_Zone",1
1606.982,"Info","Arena",4,"Enter_Zone",4
1607.016,"Info","Arena",4,"Exit_Zone",4
1607.016,"Info","Arena",4,"Enter_Zone",1
1607.082,"Info","Arena",4,"Exit_Zone",1
1607.082,"Info","Arena",4,"Enter_Zone",4
1607.249,"Info","Arena",4,"Exit_Zone",4
1607.249,"Info","Arena",4,"Enter_Zone",1
1608.915,"Info","Arena",4,"Exit_Zone",1
1608.915,"Info","Arena",4,"Enter_Zone",4
1609.115,"Info","Arena",4,"Exit_Zone",4
1609.115,"Info","Arena",4,"Enter_Zone",1
1609.182,"Info","Arena",4,"Exit_Zone",1
1609.182,"Info","Arena",4,"Enter_Zone",4
1609.248,"Info","Arena",4,"Exit_Zone",4
1609.248,"Info","Arena",4,"Enter_Zone",1
1610.717,"Info","Arena",4,"Exit_Zone",1
1610.717,"Info","Arena",4,"Enter_Zone",4
1610.748,"Info","Arena",4,"Exit_Zone",4
1610.748,"Info","Arena",4,"Enter_Zone",1
1610.815,"Info","Arena",4,"Exit_Zone",1
1610.815,"Info","Arena",4,"Enter_Zone",4
1610.848,"Info","Arena",4,"Exit_Zone",4
1610.848,"Info","Arena",4,"Enter_Zone",1
1610.884,"Info","Arena",4,"Exit_Zone",1
1610.884,"Info","Arena",4,"Enter_Zone",4
1610.948,"Info","Arena",4,"Exit_Zone",4
1610.948,"Info","Arena",4,"Enter_Zone",1
1616.480,"Info","Arena",4,"Exit_Zone",1
1616.480,"Info","Arena",4,"Enter_Zone",4
1616.514,"Info","Arena",4,"Exit_Zone",4
1616.514,"Info","Arena",4,"Enter_Zone",1
1616.647,"Info","Arena",4,"Exit_Zone",1
1616.647,"Info","Arena",4,"Enter_Zone",4
1616.716,"Info","Arena",4,"Exit_Zone",4
1616.716,"Info","Arena",4,"Enter_Zone",1
1616.814,"Info","Arena",4,"Exit_Zone",1
1616.814,"Info","Arena",4,"Enter_Zone",4
1617.216,"Info","Arena",4,"Exit_Zone",4
1617.216,"Info","Arena",4,"Enter_Zone",1
1617.247,"Info","Arena",4,"Exit_Zone",1
1617.247,"Info","Arena",4,"Enter_Zone",4
1618.314,"Info","Arena",4,"Exit_Zone",4
1618.314,"Info","Arena",4,"Enter_Zone",1
1618.382,"Info","Arena",4,"Exit_Zone",1
1618.382,"Info","Arena",4,"Enter_Zone",4
1618.413,"Info","Arena",4,"Exit_Zone",4
1618.413,"Info","Arena",4,"Enter_Zone",1
1618.447,"Info","Arena",4,"Exit_Zone",1
1618.447,"Info","Arena",4,"Enter_Zone",4
1619.147,"Info","Arena",4,"Exit_Zone",4
1619.147,"Info","Arena",4,"Enter_Zone",1
1619.180,"Info","Arena",4,"Exit_Zone",1
1619.180,"Info","Arena",4,"Enter_Zone",4
1619.215,"Info","Arena",4,"Exit_Zone",4
1619.215,"Info","Arena",4,"Enter_Zone",1
1620.346,"Info","Arena",4,"Exit_Zone",1
1620.346,"Info","Arena",4,"Enter_Zone",4
1620.382,"Info","Arena",4,"Exit_Zone",4
1620.382,"Info","Arena",4,"Enter_Zone",1
1625.412,"Info","Arena",4,"Exit_Zone",1
1625.412,"Info","Arena",4,"Enter_Zone",4
1625.479,"Info","Arena",4,"Exit_Zone",4
1625.479,"Info","Arena",4,"Enter_Zone",1
1627.078,"Info","Arena",3,"Exit_Zone",4
1627.078,"Info","Arena",3,"Enter_Zone",3
1627.112,"Info","Arena",3,"Exit_Zone",3
1627.112,"Info","Arena",3,"Enter_Zone",4
1627.278,"Info","Arena",3,"Exit_Zone",4
1627.278,"Info","Arena",3,"Enter_Zone",3
1627.312,"Info","Arena",3,"Exit_Zone",3
1627.312,"Info","Arena",3,"Enter_Zone",4
1627.478,"Info","Arena",3,"Exit_Zone",4
1627.478,"Info","Arena",3,"Enter_Zone",3
1627.512,"Info","Arena",3,"Exit_Zone",3
1627.512,"Info","Arena",3,"Enter_Zone",4
1627.512,"Info","Arena",4,"Exit_Zone",1
1627.512,"Info","Arena",4,"Enter_Zone",4
1627.678,"Info","Arena",4,"Exit_Zone",4
1627.678,"Info","Arena",4,"Enter_Zone",1
1657.806,"Info","Arena",4,"Exit_Zone",1
1657.806,"Info","Arena",4,"Enter_Zone",4
1669.304,"Info","Arena",4,"Exit_Zone",4
1669.304,"Info","Arena",4,"Enter_Zone",1
1669.372,"Info","Arena",4,"Exit_Zone",1
1669.372,"Info","Arena",4,"Enter_Zone",4
1671.872,"Info","Arena",4,"Exit_Zone",4
1671.872,"Info","Arena",4,"Enter_Zone",1
1671.903,"Info","Arena",4,"Exit_Zone",1
1671.903,"Info","Arena",4,"Enter_Zone",4
1671.936,"Info","Arena",4,"Exit_Zone",4
1671.936,"Info","Arena",4,"Enter_Zone",1
1672.003,"Info","Arena",4,"Exit_Zone",1
1672.003,"Info","Arena",4,"Enter_Zone",4
1672.039,"Info","Arena",4,"Exit_Zone",4
1672.039,"Info","Arena",4,"Enter_Zone",1
1672.136,"Info","Arena",4,"Exit_Zone",1
1672.136,"Info","Arena",4,"Enter_Zone",4
1672.205,"Info","Arena",4,"Exit_Zone",4
1672.205,"Info","Arena",4,"Enter_Zone",1
1672.303,"Info","Arena",4,"Exit_Zone",1
1672.303,"Info","Arena",4,"Enter_Zone",4
1672.372,"Info","Arena",4,"Exit_Zone",4
1672.372,"Info","Arena",4,"Enter_Zone",1
1672.437,"Info","Arena",4,"Exit_Zone",1
1672.437,"Info","Arena",4,"Enter_Zone",4
1672.503,"Info","Arena",4,"Exit_Zone",4
1672.503,"Info","Arena",4,"Enter_Zone",1
1672.569,"Info","Arena",4,"Exit_Zone",1
1672.569,"Info","Arena",4,"Enter_Zone",4
1672.636,"Info","Arena",4,"Exit_Zone",4
1672.636,"Info","Arena",4,"Enter_Zone",1
1672.736,"Info","Arena",4,"Exit_Zone",1
1672.736,"Info","Arena",4,"Enter_Zone",4
1672.803,"Info","Arena",4,"Exit_Zone",4
1672.803,"Info","Arena",4,"Enter_Zone",1
1672.903,"Info","Arena",4,"Exit_Zone",1
1672.903,"Info","Arena",4,"Enter_Zone",4
1672.936,"Info","Arena",4,"Exit_Zone",4
1672.936,"Info","Arena",4,"Enter_Zone",1
1673.038,"Info","Arena",4,"Exit_Zone",1
1673.038,"Info","Arena",4,"Enter_Zone",4
1673.069,"Info","Arena",4,"Exit_Zone",4
1673.069,"Info","Arena",4,"Enter_Zone",1
1673.636,"Info","Arena",4,"Exit_Zone",1
1673.636,"Info","Arena",4,"Enter_Zone",4
1704.230,"Info","Arena",4,"Exit_Zone",4
1704.230,"Info","Arena",4,"Enter_Zone",1
1704.366,"Info","Arena",4,"Exit_Zone",1
1704.366,"Info","Arena",4,"Enter_Zone",4
1704.430,"Info","Arena",4,"Exit_Zone",4
1704.430,"Info","Arena",4,"Enter_Zone",1
1742.191,"Info","Arena",2,"Exit_Zone",1
1742.191,"Info","Arena",2,"Enter_Zone",4
1757.753,"Info","Arena",12,"Exit_Zone",2
1757.753,"Info","Arena",12,"Enter_Zone",4
1758.786,"Info","Arena",12,"Exit_Zone",4
1758.786,"Info","Arena",12,"Enter_Zone",2
1758.825,"Info","Arena",12,"Exit_Zone",2
1758.825,"Info","Arena",12,"Enter_Zone",4
1758.855,"Info","Arena",12,"Exit_Zone",4
1758.855,"Info","Arena",12,"Enter_Zone",2
1758.919,"Info","Arena",12,"Exit_Zone",2
1758.919,"Info","Arena",12,"Enter_Zone",4
1758.986,"Info","Arena",12,"Exit_Zone",4
1758.986,"Info","Arena",12,"Enter_Zone",2
1759.086,"Info","Arena",12,"Exit_Zone",2
1759.086,"Info","Arena",12,"Enter_Zone",4
1759.119,"Info","Arena",12,"Exit_Zone",4
1759.119,"Info","Arena",12,"Enter_Zone",2
1812.178,"Info","Arena",6,"Exit_Zone",4
1812.178,"Info","Arena",6,"Enter_Zone",3
1812.209,"Info","Arena",6,"Exit_Zone",3
1812.209,"Info","Arena",6,"Enter_Zone",4
1812.242,"Info","Arena",6,"Exit_Zone",4
1812.242,"Info","Arena",6,"Enter_Zone",3
1812.476,"Info","Arena",6,"Exit_Zone",3
1812.476,"Info","Arena",6,"Enter_Zone",4
1812.678,"Info","Arena",6,"Exit_Zone",4
1812.678,"Info","Arena",6,"Enter_Zone",3
1814.409,"Info","Arena",6,"Exit_Zone",3
1814.409,"Info","Arena",6,"Enter_Zone",4
1821.374,"Info","Arena",10,"Exit_Zone",4
1821.374,"Info","Arena",10,"Enter_Zone",1
1833.507,"Info","Arena",2,"Exit_Zone",4
1833.507,"Info","Arena",2,"Enter_Zone",3
1879.396,"Info","Arena",3,"Exit_Zone",4
1879.396,"Info","Arena",3,"Enter_Zone",3
1880.762,"Info","Arena",3,"Exit_Zone",3
1880.762,"Info","Arena",3,"Enter_Zone",4
1880.929,"Info","Arena",3,"Exit_Zone",4
1880.929,"Info","Arena",3,"Enter_Zone",3
1881.029,"Info","Arena",3,"Exit_Zone",3
1881.029,"Info","Arena",3,"Enter_Zone",4
1881.331,"Info","Arena",3,"Exit_Zone",4
1881.331,"Info","Arena",3,"Enter_Zone",3
1881.362,"Info","Arena",3,"Exit_Zone",3
1881.362,"Info","Arena",3,"Enter_Zone",4
1881.396,"Info","Arena",3,"Exit_Zone",4
1881.396,"Info","Arena",3,"Enter_Zone",3
1881.429,"Info","Arena",3,"Exit_Zone",3
1881.429,"Info","Arena",3,"Enter_Zone",4
1881.564,"Info","Arena",3,"Exit_Zone",4
1881.564,"Info","Arena",3,"Enter_Zone",3
1883.362,"Info","Arena",3,"Exit_Zone",3
1883.362,"Info","Arena",3,"Enter_Zone",4
1883.395,"Info","Arena",3,"Exit_Zone",4
1883.395,"Info","Arena",3,"Enter_Zone",3
1883.562,"Info","Arena",3,"Exit_Zone",3
1883.562,"Info","Arena",3,"Enter_Zone",4
1883.595,"Info","Arena",3,"Exit_Zone",4
1883.595,"Info","Arena",3,"Enter_Zone",3
1883.664,"Info","Arena",3,"Exit_Zone",3
1883.664,"Info","Arena",3,"Enter_Zone",4
1883.695,"Info","Arena",3,"Exit_Zone",4
1883.695,"Info","Arena",3,"Enter_Zone",3
1883.728,"Info","Arena",3,"Exit_Zone",3
1883.728,"Info","Arena",3,"Enter_Zone",4
1883.762,"Info","Arena",3,"Exit_Zone",4
1883.762,"Info","Arena",3,"Enter_Zone",3
1883.997,"Info","Arena",3,"Exit_Zone",3
1883.997,"Info","Arena",3,"Enter_Zone",4
1884.062,"Info","Arena",3,"Exit_Zone",4
1884.062,"Info","Arena",3,"Enter_Zone",3
1884.195,"Info","Arena",3,"Exit_Zone",3
1884.195,"Info","Arena",3,"Enter_Zone",4
1884.228,"Info","Arena",3,"Exit_Zone",4
1884.228,"Info","Arena",3,"Enter_Zone",3
1884.262,"Info","Arena",3,"Exit_Zone",3
1884.262,"Info","Arena",3,"Enter_Zone",4
1884.331,"Info","Arena",3,"Exit_Zone",4
1884.331,"Info","Arena",3,"Enter_Zone",3
1889.294,"Info","Arena",3,"Exit_Zone",3
1889.294,"Info","Arena",3,"Enter_Zone",4
1889.394,"Info","Arena",3,"Exit_Zone",4
1889.394,"Info","Arena",3,"Enter_Zone",3
1889.427,"Info","Arena",3,"Exit_Zone",3
1889.427,"Info","Arena",3,"Enter_Zone",4
1889.461,"Info","Arena",3,"Exit_Zone",4
1889.461,"Info","Arena",3,"Enter_Zone",3
1911.190,"Info","Arena",14,"Exit_Zone",3
1911.190,"Info","Arena",14,"Enter_Zone",4
1911.223,"Info","Arena",14,"Exit_Zone",4
1911.223,"Info","Arena",14,"Enter_Zone",3
1911.290,"Info","Arena",14,"Exit_Zone",3
1911.290,"Info","Arena",14,"Enter_Zone",4
1911.325,"Info","Arena",14,"Exit_Zone",4
1911.325,"Info","Arena",14,"Enter_Zone",3
1911.423,"Info","Arena",14,"Exit_Zone",3
1911.423,"Info","Arena",14,"Enter_Zone",4
1911.492,"Info","Arena",14,"Exit_Zone",4
1911.492,"Info","Arena",14,"Enter_Zone",3
1911.625,"Info","Arena",14,"Exit_Zone",3
1911.625,"Info","Arena",14,"Enter_Zone",4
1911.790,"Info","Arena",14,"Exit_Zone",4
1911.790,"Info","Arena",14,"Enter_Zone",3
1911.826,"Info","Arena",14,"Exit_Zone",3
1911.826,"Info","Arena",14,"Enter_Zone",4
1911.856,"Info","Arena",14,"Exit_Zone",4
1911.856,"Info","Arena",14,"Enter_Zone",3
1911.923,"Info","Arena",14,"Exit_Zone",3
1911.923,"Info","Arena",14,"Enter_Zone",4
1918.588,"Info","Arena",13,"Exit_Zone",4
1918.588,"Info","Arena",13,"Enter_Zone",1
1926.087,"Info","Arena",3,"Exit_Zone",3
1926.087,"Info","Arena",3,"Enter_Zone",4
1926.120,"Info","Arena",3,"Exit_Zone",4
1926.120,"Info","Arena",3,"Enter_Zone",3
1926.220,"Info","Arena",3,"Exit_Zone",3
1926.220,"Info","Arena",3,"Enter_Zone",4
1926.254,"Info","Arena",3,"Exit_Zone",4
1926.254,"Info","Arena",3,"Enter_Zone",3
1926.420,"Info","Arena",3,"Exit_Zone",3
1926.420,"Info","Arena",3,"Enter_Zone",4
1926.489,"Info","Arena",3,"Exit_Zone",4
1926.489,"Info","Arena",3,"Enter_Zone",3
1926.555,"Info","Arena",3,"Exit_Zone",3
1926.555,"Info","Arena",3,"Enter_Zone",4
1926.688,"Info","Arena",3,"Exit_Zone",4
1926.688,"Info","Arena",3,"Enter_Zone",3
1926.853,"Info","Arena",3,"Exit_Zone",3
1926.853,"Info","Arena",3,"Enter_Zone",4
1926.920,"Info","Arena",3,"Exit_Zone",4
1926.920,"Info","Arena",3,"Enter_Zone",3
1926.953,"Info","Arena",3,"Exit_Zone",3
1926.953,"Info","Arena",3,"Enter_Zone",4
1926.989,"Info","Arena",3,"Exit_Zone",4
1926.989,"Info","Arena",3,"Enter_Zone",3
1927.053,"Info","Arena",12,"Exit_Zone",2
1927.053,"Info","Arena",12,"Enter_Zone",4
1927.087,"Info","Arena",3,"Exit_Zone",3
1927.087,"Info","Arena",3,"Enter_Zone",4
1927.120,"Info","Arena",3,"Exit_Zone",4
1927.120,"Info","Arena",3,"Enter_Zone",3
1927.156,"Info","Arena",3,"Exit_Zone",3
1927.156,"Info","Arena",3,"Enter_Zone",4
1927.220,"Info","Arena",3,"Exit_Zone",4
1927.220,"Info","Arena",3,"Enter_Zone",3
1927.287,"Info","Arena",3,"Exit_Zone",3
1927.287,"Info","Arena",3,"Enter_Zone",4
1927.353,"Info","Arena",3,"Exit_Zone",4
1927.353,"Info","Arena",3,"Enter_Zone",3
1927.420,"Info","Arena",3,"Exit_Zone",3
1927.420,"Info","Arena",3,"Enter_Zone",4
1927.453,"Info","Arena",3,"Exit_Zone",4
1927.453,"Info","Arena",3,"Enter_Zone",3
1927.520,"Info","Arena",3,"Exit_Zone",3
1927.520,"Info","Arena",3,"Enter_Zone",4
1927.553,"Info","Arena",3,"Exit_Zone",4
1927.553,"Info","Arena",3,"Enter_Zone",3
1927.656,"Info","Arena",3,"Exit_Zone",3
1927.656,"Info","Arena",3,"Enter_Zone",4
1927.753,"Info","Arena",3,"Exit_Zone",4
1927.753,"Info","Arena",3,"Enter_Zone",3
1927.787,"Info","Arena",3,"Exit_Zone",3
1927.787,"Info","Arena",3,"Enter_Zone",4
1936.487,"Info","Arena",3,"Exit_Zone",4
1936.487,"Info","Arena",3,"Enter_Zone",3
1936.518,"Info","Arena",3,"Exit_Zone",3
1936.518,"Info","Arena",3,"Enter_Zone",4
1936.620,"Info","Arena",3,"Exit_Zone",4
1936.620,"Info","Arena",3,"Enter_Zone",3
1936.686,"Info","Arena",3,"Exit_Zone",3
1936.686,"Info","Arena",3,"Enter_Zone",4
1936.751,"Info","Arena",3,"Exit_Zone",4
1936.751,"Info","Arena",3,"Enter_Zone",3
1936.852,"Info","Arena",3,"Exit_Zone",3
1936.852,"Info","Arena",3,"Enter_Zone",4
1936.885,"Info","Arena",3,"Exit_Zone",4
1936.885,"Info","Arena",3,"Enter_Zone",3
1936.951,"Info","Arena",3,"Exit_Zone",3
1936.951,"Info","Arena",3,"Enter_Zone",4
1937.051,"Info","Arena",3,"Exit_Zone",4
1937.051,"Info","Arena",3,"Enter_Zone",3
1937.118,"Info","Arena",3,"Exit_Zone",3
1937.118,"Info","Arena",3,"Enter_Zone",4
1937.154,"Info","Arena",3,"Exit_Zone",4
1937.154,"Info","Arena",3,"Enter_Zone",3
1948.651,"Info","Arena",3,"Exit_Zone",3
1948.651,"Info","Arena",3,"Enter_Zone",4
1948.716,"Info","Arena",3,"Exit_Zone",4
1948.716,"Info","Arena",3,"Enter_Zone",3
1948.749,"Info","Arena",3,"Exit_Zone",3
1948.749,"Info","Arena",3,"Enter_Zone",4
1948.782,"Info","Arena",3,"Exit_Zone",4
1948.782,"Info","Arena",3,"Enter_Zone",3
1948.849,"Info","Arena",3,"Exit_Zone",3
1948.849,"Info","Arena",3,"Enter_Zone",4
1948.882,"Info","Arena",3,"Exit_Zone",4
1948.882,"Info","Arena",3,"Enter_Zone",3
1949.016,"Info","Arena",3,"Exit_Zone",3
1949.016,"Info","Arena",3,"Enter_Zone",4
1949.049,"Info","Arena",3,"Exit_Zone",4
1949.049,"Info","Arena",3,"Enter_Zone",3
1949.082,"Info","Arena",3,"Exit_Zone",3
1949.082,"Info","Arena",3,"Enter_Zone",4
1949.116,"Info","Arena",3,"Exit_Zone",4
1949.116,"Info","Arena",3,"Enter_Zone",3
1949.151,"Info","Arena",3,"Exit_Zone",3
1949.151,"Info","Arena",3,"Enter_Zone",4
1949.182,"Info","Arena",3,"Exit_Zone",4
1949.182,"Info","Arena",3,"Enter_Zone",3
1949.282,"Info","Arena",3,"Exit_Zone",3
1949.282,"Info","Arena",3,"Enter_Zone",4
1949.318,"Info","Arena",3,"Exit_Zone",4
1949.318,"Info","Arena",3,"Enter_Zone",3
1949.549,"Info","Arena",3,"Exit_Zone",3
1949.549,"Info","Arena",3,"Enter_Zone",4
1949.582,"Info","Arena",3,"Exit_Zone",4
1949.582,"Info","Arena",3,"Enter_Zone",3
1949.616,"Info","Arena",3,"Exit_Zone",3
1949.616,"Info","Arena",3,"Enter_Zone",4
1949.882,"Info","Arena",3,"Exit_Zone",4
1949.882,"Info","Arena",3,"Enter_Zone",3
1949.916,"Info","Arena",3,"Exit_Zone",3
1949.916,"Info","Arena",3,"Enter_Zone",4
1950.151,"Info","Arena",3,"Exit_Zone",4
1950.151,"Info","Arena",3,"Enter_Zone",3
1950.182,"Info","Arena",3,"Exit_Zone",3
1950.182,"Info","Arena",3,"Enter_Zone",4
1950.515,"Info","Arena",3,"Exit_Zone",4
1950.515,"Info","Arena",3,"Enter_Zone",3
1950.549,"Info","Arena",3,"Exit_Zone",3
1950.549,"Info","Arena",3,"Enter_Zone",4
1950.615,"Info","Arena",3,"Exit_Zone",4
1950.615,"Info","Arena",3,"Enter_Zone",3
1950.651,"Info","Arena",3,"Exit_Zone",3
1950.651,"Info","Arena",3,"Enter_Zone",4
1950.716,"Info","Arena",3,"Exit_Zone",4
1950.716,"Info","Arena",3,"Enter_Zone",3
1950.749,"Info","Arena",3,"Exit_Zone",3
1950.749,"Info","Arena",3,"Enter_Zone",4
1950.782,"Info","Arena",3,"Exit_Zone",4
1950.782,"Info","Arena",3,"Enter_Zone",3
1950.825,"Info","Arena",3,"Exit_Zone",3
1950.825,"Info","Arena",3,"Enter_Zone",4
1950.849,"Info","Arena",3,"Exit_Zone",4
1950.849,"Info","Arena",3,"Enter_Zone",3
1952.182,"Info","Arena",3,"Exit_Zone",3
1952.182,"Info","Arena",3,"Enter_Zone",4
1952.248,"Info","Arena",3,"Exit_Zone",4
1952.248,"Info","Arena",3,"Enter_Zone",3
1952.348,"Info","Arena",12,"Exit_Zone",4
1952.348,"Info","Arena",12,"Enter_Zone",1
1952.415,"Info","Arena",3,"Exit_Zone",3
1952.415,"Info","Arena",3,"Enter_Zone",4
1952.449,"Info","Arena",3,"Exit_Zone",4
1952.449,"Info","Arena",3,"Enter_Zone",3
1952.848,"Info","Arena",3,"Exit_Zone",3
1952.848,"Info","Arena",3,"Enter_Zone",4
1952.882,"Info","Arena",3,"Exit_Zone",4
1952.882,"Info","Arena",3,"Enter_Zone",3
1952.984,"Info","Arena",3,"Exit_Zone",3
1952.984,"Info","Arena",3,"Enter_Zone",4
1953.015,"Info","Arena",3,"Exit_Zone",4
1953.015,"Info","Arena",3,"Enter_Zone",3
1953.182,"Info","Arena",3,"Exit_Zone",3
1953.182,"Info","Arena",3,"Enter_Zone",4
1953.215,"Info","Arena",3,"Exit_Zone",4
1953.215,"Info","Arena",3,"Enter_Zone",3
1953.984,"Info","Arena",3,"Exit_Zone",3
1953.984,"Info","Arena",3,"Enter_Zone",4
1954.015,"Info","Arena",3,"Exit_Zone",4
1954.015,"Info","Arena",3,"Enter_Zone",3
1954.048,"Info","Arena",3,"Exit_Zone",3
1954.048,"Info","Arena",3,"Enter_Zone",4
1954.150,"Info","Arena",3,"Exit_Zone",4
1954.150,"Info","Arena",3,"Enter_Zone",3
1954.248,"Info","Arena",3,"Exit_Zone",3
1954.248,"Info","Arena",3,"Enter_Zone",4
1954.348,"Info","Arena",3,"Exit_Zone",4
1954.348,"Info","Arena",3,"Enter_Zone",3
1954.381,"Info","Arena",3,"Exit_Zone",3
1954.381,"Info","Arena",3,"Enter_Zone",4
1954.415,"Info","Arena",3,"Exit_Zone",4
1954.415,"Info","Arena",3,"Enter_Zone",3
1954.484,"Info","Arena",3,"Exit_Zone",3
1954.484,"Info","Arena",3,"Enter_Zone",4
1954.548,"Info","Arena",3,"Exit_Zone",4
1954.548,"Info","Arena",3,"Enter_Zone",3
1954.748,"Info","Arena",3,"Exit_Zone",3
1954.748,"Info","Arena",3,"Enter_Zone",4
1954.781,"Info","Arena",3,"Exit_Zone",4
1954.781,"Info","Arena",3,"Enter_Zone",3
1954.824,"Info","Arena",3,"Exit_Zone",3
1954.824,"Info","Arena",3,"Enter_Zone",4
1954.915,"Info","Arena",3,"Exit_Zone",4
1954.915,"Info","Arena",3,"Enter_Zone",3
1957.081,"Info","Arena",12,"Exit_Zone",1
1957.081,"Info","Arena",12,"Enter_Zone",4
1957.181,"Info","Arena",12,"Exit_Zone",4
1957.181,"Info","Arena",12,"Enter_Zone",1
1957.214,"Info","Arena",12,"Exit_Zone",1
1957.214,"Info","Arena",12,"Enter_Zone",4
1962.913,"Info","Arena",14,"Exit_Zone",4
1962.913,"Info","Arena",14,"Enter_Zone",3
1962.946,"Info","Arena",14,"Exit_Zone",3
1962.946,"Info","Arena",14,"Enter_Zone",4
1963.080,"Info","Arena",14,"Exit_Zone",4
1963.080,"Info","Arena",14,"Enter_Zone",3
1963.149,"Info","Arena",14,"Exit_Zone",3
1963.149,"Info","Arena",14,"Enter_Zone",4
1963.315,"Info","Arena",14,"Exit_Zone",4
1963.315,"Info","Arena",14,"Enter_Zone",3
1963.346,"Info","Arena",14,"Exit_Zone",3
1963.346,"Info","Arena",14,"Enter_Zone",4
1964.113,"Info","Arena",14,"Exit_Zone",4
1964.113,"Info","Arena",14,"Enter_Zone",3
1964.148,"Info","Arena",14,"Exit_Zone",3
1964.148,"Info","Arena",14,"Enter_Zone",4
1964.180,"Info","Arena",14,"Exit_Zone",4
1964.180,"Info","Arena",14,"Enter_Zone",3
1964.213,"Info","Arena",14,"Exit_Zone",3
1964.213,"Info","Arena",14,"Enter_Zone",4
1965.446,"Info","Arena",14,"Exit_Zone",4
1965.446,"Info","Arena",14,"Enter_Zone",3
1965.481,"Info","Arena",14,"Exit_Zone",3
1965.481,"Info","Arena",14,"Enter_Zone",4
1965.579,"Info","Arena",14,"Exit_Zone",4
1965.579,"Info","Arena",14,"Enter_Zone",3
1965.612,"Info","Arena",14,"Exit_Zone",3
1965.612,"Info","Arena",14,"Enter_Zone",4
1965.648,"Info","Arena",14,"Exit_Zone",4
1965.648,"Info","Arena",14,"Enter_Zone",3
1965.679,"Info","Arena",14,"Exit_Zone",3
1965.679,"Info","Arena",14,"Enter_Zone",4
1965.713,"Info","Arena",14,"Exit_Zone",4
1965.713,"Info","Arena",14,"Enter_Zone",3
1965.779,"Info","Arena",14,"Exit_Zone",3
1965.779,"Info","Arena",14,"Enter_Zone",4
1965.846,"Info","Arena",14,"Exit_Zone",4
1965.846,"Info","Arena",14,"Enter_Zone",3
1965.879,"Info","Arena",14,"Exit_Zone",3
1965.879,"Info","Arena",14,"Enter_Zone",4
1966.012,"Info","Arena",14,"Exit_Zone",4
1966.012,"Info","Arena",14,"Enter_Zone",3
1966.080,"Info","Arena",14,"Exit_Zone",3
1966.080,"Info","Arena",14,"Enter_Zone",4
1966.112,"Info","Arena",14,"Exit_Zone",4
1966.112,"Info","Arena",14,"Enter_Zone",3
1966.212,"Info","Arena",14,"Exit_Zone",3
1966.212,"Info","Arena",14,"Enter_Zone",4
1966.379,"Info","Arena",14,"Exit_Zone",4
1966.379,"Info","Arena",14,"Enter_Zone",3
1966.412,"Info","Arena",14,"Exit_Zone",3
1966.412,"Info","Arena",14,"Enter_Zone",4
1966.446,"Info","Arena",14,"Exit_Zone",4
1966.446,"Info","Arena",14,"Enter_Zone",3
1966.547,"Info","Arena",14,"Exit_Zone",3
1966.547,"Info","Arena",14,"Enter_Zone",4
1966.581,"Info","Arena",14,"Exit_Zone",4
1966.581,"Info","Arena",14,"Enter_Zone",3
1966.879,"Info","Arena",14,"Exit_Zone",3
1966.879,"Info","Arena",14,"Enter_Zone",4
1966.912,"Info","Arena",14,"Exit_Zone",4
1966.912,"Info","Arena",14,"Enter_Zone",3
1966.981,"Info","Arena",14,"Exit_Zone",3
1966.981,"Info","Arena",14,"Enter_Zone",4
1967.012,"Info","Arena",14,"Exit_Zone",4
1967.012,"Info","Arena",14,"Enter_Zone",3
1967.046,"Info","Arena",14,"Exit_Zone",3
1967.046,"Info","Arena",14,"Enter_Zone",4
1967.112,"Info","Arena",14,"Exit_Zone",4
1967.112,"Info","Arena",14,"Enter_Zone",3
1967.179,"Info","Arena",14,"Exit_Zone",3
1967.179,"Info","Arena",14,"Enter_Zone",4
1967.212,"Info","Arena",14,"Exit_Zone",4
1967.212,"Info","Arena",14,"Enter_Zone",3
1967.379,"Info","Arena",14,"Exit_Zone",3
1967.379,"Info","Arena",14,"Enter_Zone",4
1967.412,"Info","Arena",14,"Exit_Zone",4
1967.412,"Info","Arena",14,"Enter_Zone",3
1967.579,"Info","Arena",14,"Exit_Zone",3
1967.579,"Info","Arena",14,"Enter_Zone",4
1967.612,"Info","Arena",14,"Exit_Zone",4
1967.612,"Info","Arena",14,"Enter_Zone",3
1967.679,"Info","Arena",14,"Exit_Zone",3
1967.679,"Info","Arena",14,"Enter_Zone",4
1967.745,"Info","Arena",14,"Exit_Zone",4
1967.745,"Info","Arena",14,"Enter_Zone",3
1967.814,"Info","Arena",14,"Exit_Zone",3
1967.814,"Info","Arena",14,"Enter_Zone",4
1967.846,"Info","Arena",14,"Exit_Zone",4
1967.846,"Info","Arena",14,"Enter_Zone",3
1967.879,"Info","Arena",14,"Exit_Zone",3
1967.879,"Info","Arena",14,"Enter_Zone",4
1967.945,"Info","Arena",14,"Exit_Zone",4
1967.945,"Info","Arena",14,"Enter_Zone",3
1967.981,"Info","Arena",14,"Exit_Zone",3
1967.981,"Info","Arena",14,"Enter_Zone",4
1968.012,"Info","Arena",14,"Exit_Zone",4
1968.012,"Info","Arena",14,"Enter_Zone",3
1968.045,"Info","Arena",14,"Exit_Zone",3
1968.045,"Info","Arena",14,"Enter_Zone",4
1968.179,"Info","Arena",14,"Exit_Zone",4
1968.179,"Info","Arena",14,"Enter_Zone",3
1968.212,"Info","Arena",14,"Exit_Zone",3
1968.212,"Info","Arena",14,"Enter_Zone",4
1968.279,"Info","Arena",14,"Exit_Zone",4
1968.279,"Info","Arena",14,"Enter_Zone",3
1968.346,"Info","Arena",14,"Exit_Zone",3
1968.346,"Info","Arena",14,"Enter_Zone",4
1968.379,"Info","Arena",14,"Exit_Zone",4
1968.379,"Info","Arena",14,"Enter_Zone",3
1968.412,"Info","Arena",14,"Exit_Zone",3
1968.412,"Info","Arena",14,"Enter_Zone",4
1968.481,"Info","Arena",14,"Exit_Zone",4
1968.481,"Info","Arena",14,"Enter_Zone",3
1968.512,"Info","Arena",14,"Exit_Zone",3
1968.512,"Info","Arena",14,"Enter_Zone",4
1968.579,"Info","Arena",14,"Exit_Zone",4
1968.579,"Info","Arena",14,"Enter_Zone",3
1968.648,"Info","Arena",14,"Exit_Zone",3
1968.648,"Info","Arena",14,"Enter_Zone",4
1968.745,"Info","Arena",14,"Exit_Zone",4
1968.745,"Info","Arena",14,"Enter_Zone",3
1968.779,"Info","Arena",14,"Exit_Zone",3
1968.779,"Info","Arena",14,"Enter_Zone",4
1969.245,"Info","Arena",12,"Exit_Zone",4
1969.245,"Info","Arena",12,"Enter_Zone",3
1969.278,"Info","Arena",12,"Exit_Zone",3
1969.278,"Info","Arena",12,"Enter_Zone",4
1969.878,"Info","Arena",12,"Exit_Zone",4
1969.878,"Info","Arena",12,"Enter_Zone",3
1977.344,"Info","Arena",12,"Exit_Zone",3
1977.344,"Info","Arena",12,"Enter_Zone",4
1979.443,"Info","Arena",14,"Exit_Zone",4
1979.443,"Info","Arena",14,"Enter_Zone",3
1979.479,"Info","Arena",14,"Exit_Zone",3
1979.479,"Info","Arena",14,"Enter_Zone",4
1979.510,"Info","Arena",14,"Exit_Zone",4
1979.510,"Info","Arena",14,"Enter_Zone",3
1979.676,"Info","Arena",14,"Exit_Zone",3
1979.676,"Info","Arena",14,"Enter_Zone",4
1979.743,"Info","Arena",14,"Exit_Zone",4
1979.743,"Info","Arena",14,"Enter_Zone",3
1979.777,"Info","Arena",14,"Exit_Zone",3
1979.777,"Info","Arena",14,"Enter_Zone",4
1996.840,"Info","Arena",14,"Exit_Zone",4
1996.840,"Info","Arena",14,"Enter_Zone",3
1996.874,"Info","Arena",14,"Exit_Zone",3
1996.874,"Info","Arena",14,"Enter_Zone",4
1997.740,"Info","Arena",14,"Exit_Zone",4
1997.740,"Info","Arena",14,"Enter_Zone",3
1997.773,"Info","Arena",14,"Exit_Zone",3
1997.773,"Info","Arena",14,"Enter_Zone",4
2005.671,"Info","Arena",2,"Exit_Zone",3
2005.671,"Info","Arena",2,"Enter_Zone",4
2005.705,"Info","Arena",2,"Exit_Zone",4
2005.705,"Info","Arena",2,"Enter_Zone",3
2006.205,"Info","Arena",2,"Exit_Zone",3
2006.205,"Info","Arena",2,"Enter_Zone",4
2006.238,"Info","Arena",2,"Exit_Zone",4
2006.238,"Info","Arena",2,"Enter_Zone",3
2006.807,"Info","Arena",2,"Exit_Zone",3
2006.807,"Info","Arena",2,"Enter_Zone",4
2006.838,"Info","Arena",2,"Exit_Zone",4
2006.838,"Info","Arena",2,"Enter_Zone",3
2006.973,"Info","Arena",2,"Exit_Zone",3
2006.973,"Info","Arena",2,"Enter_Zone",4
2007.004,"Info","Arena",2,"Exit_Zone",4
2007.004,"Info","Arena",2,"Enter_Zone",3
2007.038,"Info","Arena",2,"Exit_Zone",3
2007.038,"Info","Arena",2,"Enter_Zone",4
2007.071,"Info","Arena",2,"Exit_Zone",4
2007.071,"Info","Arena",2,"Enter_Zone",3
2007.140,"Info","Arena",2,"Exit_Zone",3
2007.140,"Info","Arena",2,"Enter_Zone",4
2007.171,"Info","Arena",2,"Exit_Zone",4
2007.171,"Info","Arena",2,"Enter_Zone",3
2007.204,"Info","Arena",2,"Exit_Zone",3
2007.204,"Info","Arena",2,"Enter_Zone",4
2023.768,"Info","Arena",3,"Exit_Zone",3
2023.768,"Info","Arena",3,"Enter_Zone",4
2023.803,"Info","Arena",3,"Exit_Zone",4
2023.803,"Info","Arena",3,"Enter_Zone",3
2023.868,"Info","Arena",3,"Exit_Zone",3
2023.868,"Info","Arena",3,"Enter_Zone",4
2023.901,"Info","Arena",3,"Exit_Zone",4
2023.901,"Info","Arena",3,"Enter_Zone",3
2023.935,"Info","Arena",3,"Exit_Zone",3
2023.935,"Info","Arena",3,"Enter_Zone",4
2026.470,"Info","Arena",7,"Exit_Zone",1
2026.470,"Info","Arena",7,"Enter_Zone",4
2026.901,"Info","Arena",7,"Exit_Zone",4
2026.901,"Info","Arena",7,"Enter_Zone",1
2053.529,"Info","Arena",14,"Exit_Zone",4
2053.529,"Info","Arena",14,"Enter_Zone",3
2065.893,"Info","Arena",3,"Exit_Zone",4
2065.893,"Info","Arena",3,"Enter_Zone",3
2066.060,"Info","Arena",3,"Exit_Zone",3
2066.060,"Info","Arena",3,"Enter_Zone",4
2066.093,"Info","Arena",3,"Exit_Zone",4
2066.093,"Info","Arena",3,"Enter_Zone",3
2066.129,"Info","Arena",3,"Exit_Zone",3
2066.129,"Info","Arena",3,"Enter_Zone",4
2066.326,"Info","Arena",3,"Exit_Zone",4
2066.326,"Info","Arena",3,"Enter_Zone",3
2066.393,"Info","Arena",3,"Exit_Zone",3
2066.393,"Info","Arena",3,"Enter_Zone",4
2066.426,"Info","Arena",3,"Exit_Zone",4
2066.426,"Info","Arena",3,"Enter_Zone",3
2066.462,"Info","Arena",3,"Exit_Zone",3
2066.462,"Info","Arena",3,"Enter_Zone",4
2066.561,"Info","Arena",3,"Exit_Zone",4
2066.561,"Info","Arena",3,"Enter_Zone",3
2067.193,"Info","Arena",3,"Exit_Zone",3
2067.193,"Info","Arena",3,"Enter_Zone",4
2067.226,"Info","Arena",3,"Exit_Zone",4
2067.226,"Info","Arena",3,"Enter_Zone",3
2072.325,"Info","Arena",1,"Exit_Zone",2
2072.325,"Info","Arena",1,"Enter_Zone",4
2072.358,"Info","Arena",1,"Exit_Zone",4
2072.358,"Info","Arena",1,"Enter_Zone",2
2072.392,"Info","Arena",1,"Exit_Zone",2
2072.392,"Info","Arena",1,"Enter_Zone",4
2096.123,"Info","Arena",3,"Exit_Zone",3
2096.123,"Info","Arena",3,"Enter_Zone",4
2096.354,"Info","Arena",3,"Exit_Zone",4
2096.354,"Info","Arena",3,"Enter_Zone",3
2096.624,"Info","Arena",3,"Exit_Zone",3
2096.624,"Info","Arena",3,"Enter_Zone",4
2097.354,"Info","Arena",3,"Exit_Zone",4
2097.354,"Info","Arena",3,"Enter_Zone",3
2097.456,"Info","Arena",2,"Exit_Zone",4
2097.456,"Info","Arena",2,"Enter_Zone",3
2097.487,"Info","Arena",2,"Exit_Zone",3
2097.487,"Info","Arena",2,"Enter_Zone",4
2097.622,"Info","Arena",2,"Exit_Zone",4
2097.622,"Info","Arena",2,"Enter_Zone",3
2097.653,"Info","Arena",2,"Exit_Zone",3
2097.653,"Info","Arena",2,"Enter_Zone",4
2097.687,"Info","Arena",2,"Exit_Zone",4
2097.687,"Info","Arena",2,"Enter_Zone",3
2097.825,"Info","Arena",2,"Exit_Zone",3
2097.825,"Info","Arena",2,"Enter_Zone",4
2097.887,"Info","Arena",2,"Exit_Zone",4
2097.887,"Info","Arena",2,"Enter_Zone",3
2098.220,"Info","Arena",2,"Exit_Zone",3
2098.220,"Info","Arena",2,"Enter_Zone",4
2111.084,"Info","Arena",3,"Exit_Zone",3
2111.084,"Info","Arena",3,"Enter_Zone",4
2124.415,"Info","Arena",3,"Exit_Zone",4
2124.415,"Info","Arena",3,"Enter_Zone",3
2134.813,"Info","Arena",3,"Exit_Zone",3
2134.813,"Info","Arena",3,"Enter_Zone",4
2135.513,"Info","Arena",3,"Exit_Zone",4
2135.513,"Info","Arena",3,"Enter_Zone",3
2135.513,"Info","Arena",12,"Exit_Zone",4
2135.513,"Info","Arena",12,"Enter_Zone",2
2135.579,"Info","Arena",3,"Exit_Zone",3
2135.579,"Info","Arena",3,"Enter_Zone",4
2135.579,"Info","Arena",12,"Exit_Zone",2
2135.579,"Info","Arena",12,"Enter_Zone",4
2139.845,"Info","Arena",12,"Exit_Zone",4
2139.845,"Info","Arena",12,"Enter_Zone",2
2139.912,"Info","Arena",12,"Exit_Zone",2
2139.912,"Info","Arena",12,"Enter_Zone",4
2140.781,"Info","Arena",3,"Exit_Zone",4
2140.781,"Info","Arena",3,"Enter_Zone",1
2140.878,"Info","Arena",3,"Exit_Zone",1
2140.878,"Info","Arena",3,"Enter_Zone",4
2140.912,"Info","Arena",3,"Exit_Zone",4
2140.912,"Info","Arena",3,"Enter_Zone",1
2140.947,"Info","Arena",3,"Exit_Zone",1
2140.947,"Info","Arena",3,"Enter_Zone",4
2140.978,"Info","Arena",3,"Exit_Zone",4
2140.978,"Info","Arena",3,"Enter_Zone",1
2141.012,"Info","Arena",3,"Exit_Zone",1
2141.012,"Info","Arena",3,"Enter_Zone",4
2141.615,"Info","Arena",3,"Exit_Zone",4
2141.615,"Info","Arena",3,"Enter_Zone",1
2145.044,"Info","Arena",12,"Exit_Zone",4
2145.044,"Info","Arena",12,"Enter_Zone",2
2149.643,"Info","Arena",12,"Exit_Zone",2
2149.643,"Info","Arena",12,"Enter_Zone",4
2150.343,"Info","Arena",12,"Exit_Zone",4
2150.343,"Info","Arena",12,"Enter_Zone",2
2150.643,"Info","Arena",12,"Exit_Zone",2
2150.643,"Info","Arena",12,"Enter_Zone",4
2150.677,"Info","Arena",12,"Exit_Zone",4
2150.677,"Info","Arena",12,"Enter_Zone",2
2150.743,"Info","Arena",12,"Exit_Zone",2
2150.743,"Info","Arena",12,"Enter_Zone",4
2150.779,"Info","Arena",12,"Exit_Zone",4
2150.779,"Info","Arena",12,"Enter_Zone",2
2150.810,"Info","Arena",12,"Exit_Zone",2
2150.810,"Info","Arena",12,"Enter_Zone",4
2152.843,"Info","Arena",12,"Exit_Zone",4
2152.843,"Info","Arena",12,"Enter_Zone",2
2152.876,"Info","Arena",12,"Exit_Zone",2
2152.876,"Info","Arena",12,"Enter_Zone",4
2156.409,"Info","Arena",4,"Exit_Zone",1
2156.409,"Info","Arena",4,"Enter_Zone",4
2164.674,"Info","Arena",5,"Exit_Zone",4
2164.674,"Info","Arena",5,"Enter_Zone",3
2164.707,"Info","Arena",5,"Exit_Zone",3
2164.707,"Info","Arena",5,"Enter_Zone",4
2166.407,"Info","Arena",4,"Exit_Zone",4
2166.407,"Info","Arena",4,"Enter_Zone",1
2166.442,"Info","Arena",4,"Exit_Zone",1
2166.442,"Info","Arena",4,"Enter_Zone",4
2166.473,"Info","Arena",4,"Exit_Zone",4
2166.473,"Info","Arena",4,"Enter_Zone",1
2167.942,"Info","Arena",5,"Exit_Zone",4
2167.942,"Info","Arena",5,"Enter_Zone",3
2168.007,"Info","Arena",5,"Exit_Zone",3
2168.007,"Info","Arena",5,"Enter_Zone",4
2168.040,"Info","Arena",5,"Exit_Zone",4
2168.040,"Info","Arena",5,"Enter_Zone",3
2168.140,"Info","Arena",5,"Exit_Zone",3
2168.140,"Info","Arena",5,"Enter_Zone",4
2168.173,"Info","Arena",5,"Exit_Zone",4
2168.173,"Info","Arena",5,"Enter_Zone",3
2168.206,"Info","Arena",5,"Exit_Zone",3
2168.206,"Info","Arena",5,"Enter_Zone",4
2168.276,"Info","Arena",5,"Exit_Zone",4
2168.276,"Info","Arena",5,"Enter_Zone",3
2168.340,"Info","Arena",5,"Exit_Zone",3
2168.340,"Info","Arena",5,"Enter_Zone",4
2168.473,"Info","Arena",5,"Exit_Zone",4
2168.473,"Info","Arena",5,"Enter_Zone",3
2168.506,"Info","Arena",5,"Exit_Zone",3
2168.506,"Info","Arena",5,"Enter_Zone",4
2169.006,"Info","Arena",5,"Exit_Zone",4
2169.006,"Info","Arena",5,"Enter_Zone",3
2169.040,"Info","Arena",5,"Exit_Zone",3
2169.040,"Info","Arena",5,"Enter_Zone",4
2169.540,"Info","Arena",5,"Exit_Zone",4
2169.540,"Info","Arena",5,"Enter_Zone",3
2169.573,"Info","Arena",5,"Exit_Zone",3
2169.573,"Info","Arena",5,"Enter_Zone",4
2170.239,"Info","Arena",5,"Exit_Zone",4
2170.239,"Info","Arena",5,"Enter_Zone",3
2170.275,"Info","Arena",5,"Exit_Zone",3
2170.275,"Info","Arena",5,"Enter_Zone",4
2171.073,"Info","Arena",5,"Exit_Zone",4
2171.073,"Info","Arena",5,"Enter_Zone",3
2171.108,"Info","Arena",5,"Exit_Zone",3
2171.108,"Info","Arena",5,"Enter_Zone",4
2171.941,"Info","Arena",5,"Exit_Zone",4
2171.941,"Info","Arena",5,"Enter_Zone",3
2171.972,"Info","Arena",5,"Exit_Zone",3
2171.972,"Info","Arena",5,"Enter_Zone",4
2172.441,"Info","Arena",5,"Exit_Zone",4
2172.441,"Info","Arena",5,"Enter_Zone",3
2172.472,"Info","Arena",5,"Exit_Zone",3
2172.472,"Info","Arena",5,"Enter_Zone",4
2172.706,"Info","Arena",5,"Exit_Zone",4
2172.706,"Info","Arena",5,"Enter_Zone",3
2172.739,"Info","Arena",5,"Exit_Zone",3
2172.739,"Info","Arena",5,"Enter_Zone",4
2172.774,"Info","Arena",5,"Exit_Zone",4
2172.774,"Info","Arena",5,"Enter_Zone",3
2172.806,"Info","Arena",5,"Exit_Zone",3
2172.806,"Info","Arena",5,"Enter_Zone",4
2172.839,"Info","Arena",5,"Exit_Zone",4
2172.839,"Info","Arena",5,"Enter_Zone",3
2172.872,"Info","Arena",5,"Exit_Zone",3
2172.872,"Info","Arena",5,"Enter_Zone",4
2173.172,"Info","Arena",5,"Exit_Zone",4
2173.172,"Info","Arena",5,"Enter_Zone",3
2173.239,"Info","Arena",5,"Exit_Zone",3
2173.239,"Info","Arena",5,"Enter_Zone",4
2176.738,"Info","Arena",5,"Exit_Zone",4
2176.738,"Info","Arena",5,"Enter_Zone",3
2176.774,"Info","Arena",5,"Exit_Zone",3
2176.774,"Info","Arena",5,"Enter_Zone",4
2178.805,"Info","Arena",5,"Exit_Zone",4
2178.805,"Info","Arena",5,"Enter_Zone",3
2178.904,"Info","Arena",5,"Exit_Zone",3
2178.904,"Info","Arena",5,"Enter_Zone",4
2178.940,"Info","Arena",5,"Exit_Zone",4
2178.940,"Info","Arena",5,"Enter_Zone",3
2178.971,"Info","Arena",5,"Exit_Zone",3
2178.971,"Info","Arena",5,"Enter_Zone",4
2179.004,"Info","Arena",5,"Exit_Zone",4
2179.004,"Info","Arena",5,"Enter_Zone",3
2179.107,"Info","Arena",5,"Exit_Zone",3
2179.107,"Info","Arena",5,"Enter_Zone",4
2179.138,"Info","Arena",5,"Exit_Zone",4
2179.138,"Info","Arena",5,"Enter_Zone",3
2179.238,"Info","Arena",5,"Exit_Zone",3
2179.238,"Info","Arena",5,"Enter_Zone",4
2179.273,"Info","Arena",5,"Exit_Zone",4
2179.273,"Info","Arena",5,"Enter_Zone",3
2179.304,"Info","Arena",5,"Exit_Zone",3
2179.304,"Info","Arena",5,"Enter_Zone",4
2179.338,"Info","Arena",5,"Exit_Zone",4
2179.338,"Info","Arena",5,"Enter_Zone",3
2179.371,"Info","Arena",5,"Exit_Zone",3
2179.371,"Info","Arena",5,"Enter_Zone",4
2179.440,"Info","Arena",5,"Exit_Zone",4
2179.440,"Info","Arena",5,"Enter_Zone",3
2179.471,"Info","Arena",5,"Exit_Zone",3
2179.471,"Info","Arena",5,"Enter_Zone",4
2179.638,"Info","Arena",5,"Exit_Zone",4
2179.638,"Info","Arena",5,"Enter_Zone",3
2179.671,"Info","Arena",5,"Exit_Zone",3
2179.671,"Info","Arena",5,"Enter_Zone",4
2179.704,"Info","Arena",5,"Exit_Zone",4
2179.704,"Info","Arena",5,"Enter_Zone",3
2179.773,"Info","Arena",5,"Exit_Zone",3
2179.773,"Info","Arena",5,"Enter_Zone",4
2179.871,"Info","Arena",5,"Exit_Zone",4
2179.871,"Info","Arena",5,"Enter_Zone",3
2179.904,"Info","Arena",5,"Exit_Zone",3
2179.904,"Info","Arena",5,"Enter_Zone",4
2180.038,"Info","Arena",5,"Exit_Zone",4
2180.038,"Info","Arena",5,"Enter_Zone",3
2180.071,"Info","Arena",5,"Exit_Zone",3
2180.071,"Info","Arena",5,"Enter_Zone",4
2180.106,"Info","Arena",5,"Exit_Zone",4
2180.106,"Info","Arena",5,"Enter_Zone",3
2180.138,"Info","Arena",5,"Exit_Zone",3
2180.138,"Info","Arena",5,"Enter_Zone",4
2180.171,"Info","Arena",5,"Exit_Zone",4
2180.171,"Info","Arena",5,"Enter_Zone",3
2180.237,"Info","Arena",5,"Exit_Zone",3
2180.237,"Info","Arena",5,"Enter_Zone",4
2180.273,"Info","Arena",5,"Exit_Zone",4
2180.273,"Info","Arena",5,"Enter_Zone",3
2180.371,"Info","Arena",5,"Exit_Zone",3
2180.371,"Info","Arena",5,"Enter_Zone",4
2180.471,"Info","Arena",5,"Exit_Zone",4
2180.471,"Info","Arena",5,"Enter_Zone",3
2180.571,"Info","Arena",5,"Exit_Zone",3
2180.571,"Info","Arena",5,"Enter_Zone",4
2180.637,"Info","Arena",5,"Exit_Zone",4
2180.637,"Info","Arena",5,"Enter_Zone",3
2180.737,"Info","Arena",5,"Exit_Zone",3
2180.737,"Info","Arena",5,"Enter_Zone",4
2180.773,"Info","Arena",5,"Exit_Zone",4
2180.773,"Info","Arena",5,"Enter_Zone",3
2180.837,"Info","Arena",5,"Exit_Zone",3
2180.837,"Info","Arena",5,"Enter_Zone",4
2180.940,"Info","Arena",5,"Exit_Zone",4
2180.940,"Info","Arena",5,"Enter_Zone",3
2181.004,"Info","Arena",5,"Exit_Zone",3
2181.004,"Info","Arena",5,"Enter_Zone",4
2181.037,"Info","Arena",5,"Exit_Zone",4
2181.037,"Info","Arena",5,"Enter_Zone",3
2181.204,"Info","Arena",5,"Exit_Zone",3
2181.204,"Info","Arena",5,"Enter_Zone",4
2181.273,"Info","Arena",5,"Exit_Zone",4
2181.273,"Info","Arena",5,"Enter_Zone",3
2181.371,"Info","Arena",5,"Exit_Zone",3
2181.371,"Info","Arena",5,"Enter_Zone",4
2181.404,"Info","Arena",5,"Exit_Zone",4
2181.404,"Info","Arena",5,"Enter_Zone",3
2181.773,"Info","Arena",5,"Exit_Zone",3
2181.773,"Info","Arena",5,"Enter_Zone",4
2181.804,"Info","Arena",5,"Exit_Zone",4
2181.804,"Info","Arena",5,"Enter_Zone",3
2181.939,"Info","Arena",4,"Exit_Zone",1
2181.939,"Info","Arena",4,"Enter_Zone",4
2182.004,"Info","Arena",5,"Exit_Zone",3
2182.004,"Info","Arena",5,"Enter_Zone",4
2182.037,"Info","Arena",5,"Exit_Zone",4
2182.037,"Info","Arena",5,"Enter_Zone",3
2189.605,"Info","Arena",4,"Exit_Zone",4
2189.605,"Info","Arena",4,"Enter_Zone",1
2195.937,"Info","Arena",4,"Exit_Zone",1
2195.937,"Info","Arena",4,"Enter_Zone",4
2200.200,"Info","Arena",4,"Exit_Zone",4
2200.200,"Info","Arena",4,"Enter_Zone",2
2213.331,"Info","Arena",1,"Exit_Zone",4
2213.331,"Info","Arena",1,"Enter_Zone",3
2213.364,"Info","Arena",1,"Exit_Zone",3
2213.364,"Info","Arena",1,"Enter_Zone",4
2213.998,"Info","Arena",1,"Exit_Zone",4
2213.998,"Info","Arena",1,"Enter_Zone",3
2214.031,"Info","Arena",1,"Exit_Zone",3
2214.031,"Info","Arena",1,"Enter_Zone",4
2214.064,"Info","Arena",4,"Exit_Zone",2
2214.064,"Info","Arena",4,"Enter_Zone",4
2216.830,"Info","Arena",12,"Exit_Zone",4
2216.830,"Info","Arena",12,"Enter_Zone",2
2216.997,"Info","Arena",1,"Exit_Zone",4
2216.997,"Info","Arena",1,"Enter_Zone",3
2217.030,"Info","Arena",1,"Exit_Zone",3
2217.030,"Info","Arena",1,"Enter_Zone",4
2217.064,"Info","Arena",1,"Exit_Zone",4
2217.064,"Info","Arena",1,"Enter_Zone",3
2217.099,"Info","Arena",1,"Exit_Zone",3
2217.099,"Info","Arena",1,"Enter_Zone",4
2217.599,"Info","Arena",1,"Exit_Zone",4
2217.599,"Info","Arena",1,"Enter_Zone",3
2217.663,"Info","Arena",1,"Exit_Zone",3
2217.663,"Info","Arena",1,"Enter_Zone",4
2218.266,"Info","Arena",1,"Exit_Zone",4
2218.266,"Info","Arena",1,"Enter_Zone",3
2218.397,"Info","Arena",1,"Exit_Zone",3
2218.397,"Info","Arena",1,"Enter_Zone",4
2218.630,"Info","Arena",1,"Exit_Zone",4
2218.630,"Info","Arena",1,"Enter_Zone",3
2218.663,"Info","Arena",1,"Exit_Zone",3
2218.663,"Info","Arena",1,"Enter_Zone",4
2218.730,"Info","Arena",1,"Exit_Zone",4
2218.730,"Info","Arena",1,"Enter_Zone",3
2218.797,"Info","Arena",15,"Exit_Zone",2
2218.797,"Info","Arena",15,"Enter_Zone",4
2218.863,"Info","Arena",1,"Exit_Zone",3
2218.863,"Info","Arena",1,"Enter_Zone",4
2218.897,"Info","Arena",1,"Exit_Zone",4
2218.897,"Info","Arena",1,"Enter_Zone",3
2218.963,"Info","Arena",1,"Exit_Zone",3
2218.963,"Info","Arena",1,"Enter_Zone",4
2218.997,"Info","Arena",1,"Exit_Zone",4
2218.997,"Info","Arena",1,"Enter_Zone",3
2223.896,"Info","Arena",6,"Exit_Zone",4
2223.896,"Info","Arena",6,"Enter_Zone",3
2224.029,"Info","Arena",6,"Exit_Zone",3
2224.029,"Info","Arena",6,"Enter_Zone",4
2224.229,"Info","Arena",6,"Exit_Zone",4
2224.229,"Info","Arena",6,"Enter_Zone",3
2224.265,"Info","Arena",6,"Exit_Zone",3
2224.265,"Info","Arena",6,"Enter_Zone",4
2224.396,"Info","Arena",6,"Exit_Zone",4
2224.396,"Info","Arena",6,"Enter_Zone",3
2224.431,"Info","Arena",6,"Exit_Zone",3
2224.431,"Info","Arena",6,"Enter_Zone",4
2225.129,"Info","Arena",6,"Exit_Zone",4
2225.129,"Info","Arena",6,"Enter_Zone",3
2225.162,"Info","Arena",6,"Exit_Zone",3
2225.162,"Info","Arena",6,"Enter_Zone",4
2225.362,"Info","Arena",6,"Exit_Zone",4
2225.362,"Info","Arena",6,"Enter_Zone",3
2233.528,"Info","Arena",6,"Exit_Zone",3
2233.528,"Info","Arena",6,"Enter_Zone",4
2233.694,"Info","Arena",6,"Exit_Zone",4
2233.694,"Info","Arena",6,"Enter_Zone",3
2241.126,"Info","Arena",3,"Exit_Zone",1
2241.126,"Info","Arena",3,"Enter_Zone",4
2241.159,"Info","Arena",6,"Exit_Zone",3
2241.159,"Info","Arena",6,"Enter_Zone",4
2241.359,"Info","Arena",6,"Exit_Zone",4
2241.359,"Info","Arena",6,"Enter_Zone",3
2247.858,"Info","Arena",6,"Exit_Zone",3
2247.858,"Info","Arena",6,"Enter_Zone",4
2247.927,"Info","Arena",6,"Exit_Zone",4
2247.927,"Info","Arena",6,"Enter_Zone",3
2247.958,"Info","Arena",6,"Exit_Zone",3
2247.958,"Info","Arena",6,"Enter_Zone",4
2247.991,"Info","Arena",6,"Exit_Zone",4
2247.991,"Info","Arena",6,"Enter_Zone",3
2249.557,"Info","Arena",3,"Exit_Zone",4
2249.557,"Info","Arena",3,"Enter_Zone",3
2250.690,"Info","Arena",6,"Exit_Zone",3
2250.690,"Info","Arena",6,"Enter_Zone",4
2250.724,"Info","Arena",6,"Exit_Zone",4
2250.724,"Info","Arena",6,"Enter_Zone",3
2250.926,"Info","Arena",6,"Exit_Zone",3
2250.926,"Info","Arena",6,"Enter_Zone",4
2251.057,"Info","Arena",6,"Exit_Zone",4
2251.057,"Info","Arena",6,"Enter_Zone",3
2251.124,"Info","Arena",6,"Exit_Zone",3
2251.124,"Info","Arena",6,"Enter_Zone",4
2251.190,"Info","Arena",6,"Exit_Zone",4
2251.190,"Info","Arena",6,"Enter_Zone",3
2251.224,"Info","Arena",6,"Exit_Zone",3
2251.224,"Info","Arena",6,"Enter_Zone",4
2251.324,"Info","Arena",6,"Exit_Zone",4
2251.324,"Info","Arena",6,"Enter_Zone",3
2251.390,"Info","Arena",6,"Exit_Zone",3
2251.390,"Info","Arena",6,"Enter_Zone",4
2251.457,"Info","Arena",6,"Exit_Zone",4
2251.457,"Info","Arena",6,"Enter_Zone",3
2251.490,"Info","Arena",6,"Exit_Zone",3
2251.490,"Info","Arena",6,"Enter_Zone",4
2251.657,"Info","Arena",6,"Exit_Zone",4
2251.657,"Info","Arena",6,"Enter_Zone",3
2251.690,"Info","Arena",6,"Exit_Zone",3
2251.690,"Info","Arena",6,"Enter_Zone",4
2251.957,"Info","Arena",6,"Exit_Zone",4
2251.957,"Info","Arena",6,"Enter_Zone",3
2251.990,"Info","Arena",6,"Exit_Zone",3
2251.990,"Info","Arena",6,"Enter_Zone",4
2252.290,"Info","Arena",6,"Exit_Zone",4
2252.290,"Info","Arena",6,"Enter_Zone",3
2252.323,"Info","Arena",6,"Exit_Zone",3
2252.323,"Info","Arena",6,"Enter_Zone",4
2252.490,"Info","Arena",6,"Exit_Zone",4
2252.490,"Info","Arena",6,"Enter_Zone",3
2252.523,"Info","Arena",6,"Exit_Zone",3
2252.523,"Info","Arena",6,"Enter_Zone",4
2253.592,"Info","Arena",6,"Exit_Zone",4
2253.592,"Info","Arena",6,"Enter_Zone",3
2253.723,"Info","Arena",6,"Exit_Zone",3
2253.723,"Info","Arena",6,"Enter_Zone",4
2253.759,"Info","Arena",6,"Exit_Zone",4
2253.759,"Info","Arena",6,"Enter_Zone",3
2254.592,"Info","Arena",6,"Exit_Zone",3
2254.592,"Info","Arena",6,"Enter_Zone",4
2254.623,"Info","Arena",6,"Exit_Zone",4
2254.623,"Info","Arena",6,"Enter_Zone",3
2254.690,"Info","Arena",6,"Exit_Zone",3
2254.690,"Info","Arena",6,"Enter_Zone",4
2254.825,"Info","Arena",6,"Exit_Zone",4
2254.825,"Info","Arena",6,"Enter_Zone",3
2254.856,"Info","Arena",6,"Exit_Zone",3
2254.856,"Info","Arena",6,"Enter_Zone",4
2254.925,"Info","Arena",6,"Exit_Zone",4
2254.925,"Info","Arena",6,"Enter_Zone",3
2254.956,"Info","Arena",6,"Exit_Zone",3
2254.956,"Info","Arena",6,"Enter_Zone",4
2254.990,"Info","Arena",6,"Exit_Zone",4
2254.990,"Info","Arena",6,"Enter_Zone",3
2255.156,"Info","Arena",6,"Exit_Zone",3
2255.156,"Info","Arena",6,"Enter_Zone",4
2255.190,"Info","Arena",6,"Exit_Zone",4
2255.190,"Info","Arena",6,"Enter_Zone",3
2255.223,"Info","Arena",6,"Exit_Zone",3
2255.223,"Info","Arena",6,"Enter_Zone",4
2255.290,"Info","Arena",6,"Exit_Zone",4
2255.290,"Info","Arena",6,"Enter_Zone",3
2255.356,"Info","Arena",6,"Exit_Zone",3
2255.356,"Info","Arena",6,"Enter_Zone",4
2255.390,"Info","Arena",6,"Exit_Zone",4
2255.390,"Info","Arena",6,"Enter_Zone",3
2255.456,"Info","Arena",6,"Exit_Zone",3
2255.456,"Info","Arena",6,"Enter_Zone",4
2255.489,"Info","Arena",6,"Exit_Zone",4
2255.489,"Info","Arena",6,"Enter_Zone",3
2262.155,"Info","Arena",6,"Exit_Zone",3
2262.155,"Info","Arena",6,"Enter_Zone",4
2262.355,"Info","Arena",6,"Exit_Zone",4
2262.355,"Info","Arena",6,"Enter_Zone",3
2271.153,"Info","Arena",5,"Exit_Zone",3
2271.153,"Info","Arena",5,"Enter_Zone",4
2274.219,"Info","Arena",5,"Exit_Zone",4
2274.219,"Info","Arena",5,"Enter_Zone",3
2274.421,"Info","Arena",5,"Exit_Zone",3
2274.421,"Info","Arena",5,"Enter_Zone",4
2275.286,"Info","Arena",5,"Exit_Zone",4
2275.286,"Info","Arena",5,"Enter_Zone",3
2275.319,"Info","Arena",5,"Exit_Zone",3
2275.319,"Info","Arena",5,"Enter_Zone",4
2275.952,"Info","Arena",5,"Exit_Zone",4
2275.952,"Info","Arena",5,"Enter_Zone",3
2275.986,"Info","Arena",5,"Exit_Zone",3
2275.986,"Info","Arena",5,"Enter_Zone",4
2288.683,"Info","Arena",5,"Exit_Zone",4
2288.683,"Info","Arena",5,"Enter_Zone",3
2288.716,"Info","Arena",5,"Exit_Zone",3
2288.716,"Info","Arena",5,"Enter_Zone",4
2288.783,"Info","Arena",5,"Exit_Zone",4
2288.783,"Info","Arena",5,"Enter_Zone",3
2288.850,"Info","Arena",5,"Exit_Zone",3
2288.850,"Info","Arena",5,"Enter_Zone",4
2288.950,"Info","Arena",5,"Exit_Zone",4
2288.950,"Info","Arena",5,"Enter_Zone",3
2288.983,"Info","Arena",5,"Exit_Zone",3
2288.983,"Info","Arena",5,"Enter_Zone",4
2289.016,"Info","Arena",5,"Exit_Zone",4
2289.016,"Info","Arena",5,"Enter_Zone",3
2289.116,"Info","Arena",5,"Exit_Zone",3
2289.116,"Info","Arena",5,"Enter_Zone",4
2289.350,"Info","Arena",5,"Exit_Zone",4
2289.350,"Info","Arena",5,"Enter_Zone",3
2289.383,"Info","Arena",5,"Exit_Zone",3
2289.383,"Info","Arena",5,"Enter_Zone",4
2290.149,"Info","Arena",5,"Exit_Zone",4
2290.149,"Info","Arena",5,"Enter_Zone",3
2290.183,"Info","Arena",5,"Exit_Zone",3
2290.183,"Info","Arena",5,"Enter_Zone",4
2290.216,"Info","Arena",5,"Exit_Zone",4
2290.216,"Info","Arena",5,"Enter_Zone",3
2290.283,"Info","Arena",5,"Exit_Zone",3
2290.283,"Info","Arena",5,"Enter_Zone",4
2290.349,"Info","Arena",5,"Exit_Zone",4
2290.349,"Info","Arena",5,"Enter_Zone",3
2290.516,"Info","Arena",5,"Exit_Zone",3
2290.516,"Info","Arena",5,"Enter_Zone",4
2290.549,"Info","Arena",5,"Exit_Zone",4
2290.549,"Info","Arena",5,"Enter_Zone",3
2290.585,"Info","Arena",5,"Exit_Zone",3
2290.585,"Info","Arena",5,"Enter_Zone",4
2292.418,"Info","Arena",5,"Exit_Zone",4
2292.418,"Info","Arena",5,"Enter_Zone",3
2292.449,"Info","Arena",5,"Exit_Zone",3
2292.449,"Info","Arena",5,"Enter_Zone",4
2292.482,"Info","Arena",5,"Exit_Zone",4
2292.482,"Info","Arena",5,"Enter_Zone",3
2292.585,"Info","Arena",5,"Exit_Zone",3
2292.585,"Info","Arena",5,"Enter_Zone",4
2311.012,"Info","Arena",3,"Exit_Zone",3
2311.012,"Info","Arena",3,"Enter_Zone",4
2313.012,"Info","Arena",5,"Exit_Zone",4
2313.012,"Info","Arena",5,"Enter_Zone",3
2313.045,"Info","Arena",5,"Exit_Zone",3
2313.045,"Info","Arena",5,"Enter_Zone",4
2313.247,"Info","Arena",5,"Exit_Zone",4
2313.247,"Info","Arena",5,"Enter_Zone",3
2313.312,"Info","Arena",5,"Exit_Zone",3
2313.312,"Info","Arena",5,"Enter_Zone",4
2313.445,"Info","Arena",5,"Exit_Zone",4
2313.445,"Info","Arena",5,"Enter_Zone",3
2313.478,"Info","Arena",5,"Exit_Zone",3
2313.478,"Info","Arena",5,"Enter_Zone",4
2317.344,"Info","Arena",3,"Exit_Zone",4
2317.344,"Info","Arena",3,"Enter_Zone",1
2317.944,"Info","Arena",5,"Exit_Zone",4
2317.944,"Info","Arena",5,"Enter_Zone",3
2317.977,"Info","Arena",5,"Exit_Zone",3
2317.977,"Info","Arena",5,"Enter_Zone",4
2318.544,"Info","Arena",5,"Exit_Zone",4
2318.544,"Info","Arena",5,"Enter_Zone",3
2318.644,"Info","Arena",5,"Exit_Zone",3
2318.644,"Info","Arena",5,"Enter_Zone",4
2319.277,"Info","Arena",5,"Exit_Zone",4
2319.277,"Info","Arena",5,"Enter_Zone",3
2319.311,"Info","Arena",5,"Exit_Zone",3
2319.311,"Info","Arena",5,"Enter_Zone",4
2319.544,"Info","Arena",5,"Exit_Zone",4
2319.544,"Info","Arena",5,"Enter_Zone",3
2319.644,"Info","Arena",5,"Exit_Zone",3
2319.644,"Info","Arena",5,"Enter_Zone",4
2319.677,"Info","Arena",5,"Exit_Zone",4
2319.677,"Info","Arena",5,"Enter_Zone",3
2319.777,"Info","Arena",5,"Exit_Zone",3
2319.777,"Info","Arena",5,"Enter_Zone",4
2319.810,"Info","Arena",5,"Exit_Zone",4
2319.810,"Info","Arena",5,"Enter_Zone",3
2319.912,"Info","Arena",5,"Exit_Zone",3
2319.912,"Info","Arena",5,"Enter_Zone",4
2320.144,"Info","Arena",5,"Exit_Zone",4
2320.144,"Info","Arena",5,"Enter_Zone",3
2320.177,"Info","Arena",5,"Exit_Zone",3
2320.177,"Info","Arena",5,"Enter_Zone",4
2320.211,"Info","Arena",5,"Exit_Zone",4
2320.211,"Info","Arena",5,"Enter_Zone",3
2320.246,"Info","Arena",5,"Exit_Zone",3
2320.246,"Info","Arena",5,"Enter_Zone",4
2320.344,"Info","Arena",5,"Exit_Zone",4
2320.344,"Info","Arena",5,"Enter_Zone",3
2320.377,"Info","Arena",5,"Exit_Zone",3
2320.377,"Info","Arena",5,"Enter_Zone",4
2320.412,"Info","Arena",5,"Exit_Zone",4
2320.412,"Info","Arena",5,"Enter_Zone",3
2320.444,"Info","Arena",5,"Exit_Zone",3
2320.444,"Info","Arena",5,"Enter_Zone",4
2320.579,"Info","Arena",5,"Exit_Zone",4
2320.579,"Info","Arena",5,"Enter_Zone",3
2320.644,"Info","Arena",5,"Exit_Zone",3
2320.644,"Info","Arena",5,"Enter_Zone",4
2320.810,"Info","Arena",5,"Exit_Zone",4
2320.810,"Info","Arena",5,"Enter_Zone",3
2320.843,"Info","Arena",5,"Exit_Zone",3
2320.843,"Info","Arena",5,"Enter_Zone",4
2321.877,"Info","Arena",5,"Exit_Zone",4
2321.877,"Info","Arena",5,"Enter_Zone",3
2321.912,"Info","Arena",5,"Exit_Zone",3
2321.912,"Info","Arena",5,"Enter_Zone",4
2322.643,"Info","Arena",5,"Exit_Zone",4
2322.643,"Info","Arena",5,"Enter_Zone",3
2322.676,"Info","Arena",5,"Exit_Zone",3
2322.676,"Info","Arena",5,"Enter_Zone",4
2325.009,"Info","Arena",5,"Exit_Zone",4
2325.009,"Info","Arena",5,"Enter_Zone",3
2325.043,"Info","Arena",5,"Exit_Zone",3
2325.043,"Info","Arena",5,"Enter_Zone",4
2325.109,"Info","Arena",5,"Exit_Zone",4
2325.109,"Info","Arena",5,"Enter_Zone",3
2325.143,"Info","Arena",5,"Exit_Zone",3
2325.143,"Info","Arena",5,"Enter_Zone",4
2325.176,"Info","Arena",5,"Exit_Zone",4
2325.176,"Info","Arena",5,"Enter_Zone",3
2325.209,"Info","Arena",5,"Exit_Zone",3
2325.209,"Info","Arena",5,"Enter_Zone",4
2325.309,"Info","Arena",5,"Exit_Zone",4
2325.309,"Info","Arena",5,"Enter_Zone",3
2325.343,"Info","Arena",5,"Exit_Zone",3
2325.343,"Info","Arena",5,"Enter_Zone",4
2325.912,"Info","Arena",5,"Exit_Zone",4
2325.912,"Info","Arena",5,"Enter_Zone",3
2325.942,"Info","Arena",5,"Exit_Zone",3
2325.942,"Info","Arena",5,"Enter_Zone",4
2329.411,"Info","Arena",5,"Exit_Zone",4
2329.411,"Info","Arena",5,"Enter_Zone",3
2329.442,"Info","Arena",5,"Exit_Zone",3
2329.442,"Info","Arena",5,"Enter_Zone",4
2329.808,"Info","Arena",5,"Exit_Zone",4
2329.808,"Info","Arena",5,"Enter_Zone",3
2329.875,"Info","Arena",5,"Exit_Zone",3
2329.875,"Info","Arena",5,"Enter_Zone",4
2330.275,"Info","Arena",5,"Exit_Zone",4
2330.275,"Info","Arena",5,"Enter_Zone",3
2330.308,"Info","Arena",5,"Exit_Zone",3
2330.308,"Info","Arena",5,"Enter_Zone",4
2330.808,"Info","Arena",5,"Exit_Zone",4
2330.808,"Info","Arena",5,"Enter_Zone",3
2330.841,"Info","Arena",5,"Exit_Zone",3
2330.841,"Info","Arena",5,"Enter_Zone",4
2330.875,"Info","Arena",5,"Exit_Zone",4
2330.875,"Info","Arena",5,"Enter_Zone",3
2330.975,"Info","Arena",5,"Exit_Zone",3
2330.975,"Info","Arena",5,"Enter_Zone",4
2331.077,"Info","Arena",5,"Exit_Zone",4
2331.077,"Info","Arena",5,"Enter_Zone",3
2331.108,"Info","Arena",5,"Exit_Zone",3
2331.108,"Info","Arena",5,"Enter_Zone",4
2331.141,"Info","Arena",5,"Exit_Zone",4
2331.141,"Info","Arena",5,"Enter_Zone",3
2331.175,"Info","Arena",5,"Exit_Zone",3
2331.175,"Info","Arena",5,"Enter_Zone",4
2331.275,"Info","Arena",5,"Exit_Zone",4
2331.275,"Info","Arena",5,"Enter_Zone",3
2331.308,"Info","Arena",5,"Exit_Zone",3
2331.308,"Info","Arena",5,"Enter_Zone",4
2331.341,"Info","Arena",5,"Exit_Zone",4
2331.341,"Info","Arena",5,"Enter_Zone",3
2331.410,"Info","Arena",5,"Exit_Zone",3
2331.410,"Info","Arena",5,"Enter_Zone",4
2331.641,"Info","Arena",5,"Exit_Zone",4
2331.641,"Info","Arena",5,"Enter_Zone",3
2331.675,"Info","Arena",5,"Exit_Zone",3
2331.675,"Info","Arena",5,"Enter_Zone",4
2331.911,"Info","Arena",5,"Exit_Zone",4
2331.911,"Info","Arena",5,"Enter_Zone",3
2331.941,"Info","Arena",5,"Exit_Zone",3
2331.941,"Info","Arena",5,"Enter_Zone",4
2331.975,"Info","Arena",5,"Exit_Zone",4
2331.975,"Info","Arena",5,"Enter_Zone",3
2332.041,"Info","Arena",14,"Exit_Zone",3
2332.041,"Info","Arena",14,"Enter_Zone",4
2332.108,"Info","Arena",5,"Exit_Zone",3
2332.108,"Info","Arena",5,"Enter_Zone",4
2332.441,"Info","Arena",5,"Exit_Zone",4
2332.441,"Info","Arena",5,"Enter_Zone",3
2332.475,"Info","Arena",5,"Exit_Zone",3
2332.475,"Info","Arena",5,"Enter_Zone",4
2344.039,"Info","Arena",5,"Exit_Zone",4
2344.039,"Info","Arena",5,"Enter_Zone",3
2344.272,"Info","Arena",5,"Exit_Zone",3
2344.272,"Info","Arena",5,"Enter_Zone",4
2344.339,"Info","Arena",5,"Exit_Zone",4
2344.339,"Info","Arena",5,"Enter_Zone",3
2344.606,"Info","Arena",5,"Exit_Zone",3
2344.606,"Info","Arena",5,"Enter_Zone",4
2345.741,"Info","Arena",5,"Exit_Zone",4
2345.741,"Info","Arena",5,"Enter_Zone",3
2346.074,"Info","Arena",5,"Exit_Zone",3
2346.074,"Info","Arena",5,"Enter_Zone",4
2348.105,"Info","Arena",5,"Exit_Zone",4
2348.105,"Info","Arena",5,"Enter_Zone",3
2348.138,"Info","Arena",5,"Exit_Zone",3
2348.138,"Info","Arena",5,"Enter_Zone",4
2348.171,"Info","Arena",5,"Exit_Zone",4
2348.171,"Info","Arena",5,"Enter_Zone",3
2348.305,"Info","Arena",5,"Exit_Zone",3
2348.305,"Info","Arena",5,"Enter_Zone",4
2348.338,"Info","Arena",5,"Exit_Zone",4
2348.338,"Info","Arena",5,"Enter_Zone",3
2348.538,"Info","Arena",5,"Exit_Zone",3
2348.538,"Info","Arena",5,"Enter_Zone",4
2348.574,"Info","Arena",3,"Exit_Zone",1
2348.574,"Info","Arena",3,"Enter_Zone",4
2348.605,"Info","Arena",5,"Exit_Zone",4
2348.605,"Info","Arena",5,"Enter_Zone",3
2348.638,"Info","Arena",5,"Exit_Zone",3
2348.638,"Info","Arena",5,"Enter_Zone",4
2348.671,"Info","Arena",5,"Exit_Zone",4
2348.671,"Info","Arena",5,"Enter_Zone",3
2348.971,"Info","Arena",5,"Exit_Zone",3
2348.971,"Info","Arena",5,"Enter_Zone",4
2349.005,"Info","Arena",5,"Exit_Zone",4
2349.005,"Info","Arena",5,"Enter_Zone",3
2349.241,"Info","Arena",5,"Exit_Zone",3
2349.241,"Info","Arena",5,"Enter_Zone",4
2349.371,"Info","Arena",5,"Exit_Zone",4
2349.371,"Info","Arena",5,"Enter_Zone",3
2349.407,"Info","Arena",5,"Exit_Zone",3
2349.407,"Info","Arena",5,"Enter_Zone",4
2349.574,"Info","Arena",5,"Exit_Zone",4
2349.574,"Info","Arena",5,"Enter_Zone",3
2349.604,"Info","Arena",5,"Exit_Zone",3
2349.604,"Info","Arena",5,"Enter_Zone",4
2349.771,"Info","Arena",5,"Exit_Zone",4
2349.771,"Info","Arena",5,"Enter_Zone",3
2349.804,"Info","Arena",5,"Exit_Zone",3
2349.804,"Info","Arena",5,"Enter_Zone",4
2350.271,"Info","Arena",5,"Exit_Zone",4
2350.271,"Info","Arena",5,"Enter_Zone",3
2350.371,"Info","Arena",5,"Exit_Zone",3
2350.371,"Info","Arena",5,"Enter_Zone",4
2350.907,"Info","Arena",5,"Exit_Zone",4
2350.907,"Info","Arena",5,"Enter_Zone",3
2350.938,"Info","Arena",5,"Exit_Zone",3
2350.938,"Info","Arena",5,"Enter_Zone",4
2351.371,"Info","Arena",5,"Exit_Zone",4
2351.371,"Info","Arena",5,"Enter_Zone",3
2351.407,"Info","Arena",5,"Exit_Zone",3
2351.407,"Info","Arena",5,"Enter_Zone",4
2353.970,"Info","Arena",5,"Exit_Zone",4
2353.970,"Info","Arena",5,"Enter_Zone",3
2354.004,"Info","Arena",5,"Exit_Zone",3
2354.004,"Info","Arena",5,"Enter_Zone",4
2354.204,"Info","Arena",5,"Exit_Zone",4
2354.204,"Info","Arena",5,"Enter_Zone",3
2354.270,"Info","Arena",5,"Exit_Zone",3
2354.270,"Info","Arena",5,"Enter_Zone",4
2355.270,"Info","Arena",5,"Exit_Zone",4
2355.270,"Info","Arena",5,"Enter_Zone",3
2355.303,"Info","Arena",5,"Exit_Zone",3
2355.303,"Info","Arena",5,"Enter_Zone",4
2355.370,"Info","Arena",5,"Exit_Zone",4
2355.370,"Info","Arena",5,"Enter_Zone",3
2355.437,"Info","Arena",5,"Exit_Zone",3
2355.437,"Info","Arena",5,"Enter_Zone",4
2355.470,"Info","Arena",5,"Exit_Zone",4
2355.470,"Info","Arena",5,"Enter_Zone",3
2355.572,"Info","Arena",5,"Exit_Zone",3
2355.572,"Info","Arena",5,"Enter_Zone",4
2355.670,"Info","Arena",5,"Exit_Zone",4
2355.670,"Info","Arena",5,"Enter_Zone",3
2355.703,"Info","Arena",5,"Exit_Zone",3
2355.703,"Info","Arena",5,"Enter_Zone",4
2355.739,"Info","Arena",5,"Exit_Zone",4
2355.739,"Info","Arena",5,"Enter_Zone",3
2355.770,"Info","Arena",5,"Exit_Zone",3
2355.770,"Info","Arena",5,"Enter_Zone",4
2355.803,"Info","Arena",5,"Exit_Zone",4
2355.803,"Info","Arena",5,"Enter_Zone",3
2355.837,"Info","Arena",5,"Exit_Zone",3
2355.837,"Info","Arena",5,"Enter_Zone",4
2355.870,"Info","Arena",5,"Exit_Zone",4
2355.870,"Info","Arena",5,"Enter_Zone",3
2355.905,"Info","Arena",5,"Exit_Zone",3
2355.905,"Info","Arena",5,"Enter_Zone",4
2356.574,"Info","Arena",5,"Exit_Zone",4
2356.574,"Info","Arena",5,"Enter_Zone",3
2356.605,"Info","Arena",5,"Exit_Zone",3
2356.605,"Info","Arena",5,"Enter_Zone",4
2356.670,"Info","Arena",5,"Exit_Zone",4
2356.670,"Info","Arena",5,"Enter_Zone",3
2356.703,"Info","Arena",5,"Exit_Zone",3
2356.703,"Info","Arena",5,"Enter_Zone",4
2356.739,"Info","Arena",5,"Exit_Zone",4
2356.739,"Info","Arena",5,"Enter_Zone",3
2356.770,"Info","Arena",5,"Exit_Zone",3
2356.770,"Info","Arena",5,"Enter_Zone",4
2360.405,"Info","Arena",5,"Exit_Zone",4
2360.405,"Info","Arena",5,"Enter_Zone",3
2360.436,"Info","Arena",5,"Exit_Zone",3
2360.436,"Info","Arena",5,"Enter_Zone",4
2360.571,"Info","Arena",5,"Exit_Zone",4
2360.571,"Info","Arena",5,"Enter_Zone",3
2360.602,"Info","Arena",5,"Exit_Zone",3
2360.602,"Info","Arena",5,"Enter_Zone",4
2360.669,"Info","Arena",5,"Exit_Zone",4
2360.669,"Info","Arena",5,"Enter_Zone",3
2360.702,"Info","Arena",5,"Exit_Zone",3
2360.702,"Info","Arena",5,"Enter_Zone",4
2378.799,"Info","Arena",4,"Exit_Zone",4
2378.799,"Info","Arena",4,"Enter_Zone",1
2396.862,"Info","Arena",4,"Exit_Zone",1
2396.862,"Info","Arena",4,"Enter_Zone",4
2396.898,"Info","Arena",4,"Exit_Zone",4
2396.898,"Info","Arena",4,"Enter_Zone",1
2396.929,"Info","Arena",4,"Exit_Zone",1
2396.929,"Info","Arena",4,"Enter_Zone",4
2397.429,"Info","Arena",4,"Exit_Zone",4
2397.429,"Info","Arena",4,"Enter_Zone",1
2398.462,"Info","Arena",4,"Exit_Zone",1
2398.462,"Info","Arena",4,"Enter_Zone",4
""
"","","","","A1_ZONE1","A1_ZONE2","A1_ZONE3","A2_ZONE1","A2_ZONE2","A2_ZONE3","A3_ZONE1","A3_ZONE2","A3_ZONE3","A4_ZONE1","A4_ZONE2","A4_ZONE3","A5_ZONE1","A5_ZONE2","A5_ZONE3","A6_ZONE1","A6_ZONE2","A6_ZONE3","A7_ZONE1","A7_ZONE2","A7_ZONE3","A8_ZONE1","A8_ZONE2","A8_ZONE3","A9_ZONE1","A9_ZONE2","A9_ZONE3","A10_ZONE1","A10_ZONE2","A10_ZONE3","A11_ZONE1","A11_ZONE2","A11_ZONE3","A12_ZONE1","A12_ZONE2","A12_ZONE3","A13_ZONE1","A13_ZONE2","A13_ZONE3","A14_ZONE1","A14_ZONE2","A14_ZONE3","A15_ZONE1","A15_ZONE2","A15_ZONE3"
2402.374,"","","TOTAL_ZONE_DISTANCES",0.0,14.8,4.7,11.8,0.0,1.6,52.9,0.0,38.8,49.8,16.0,8.9,0.0,12.5,14.8,0.0,0.0,9.2,20.5,0.0,0.0,0.0,4.2,0.0,0.0,0.0,4.2,7.5,0.0,0.0,0.0,0.0,21.4,4.2,21.4,6.1,21.2,0.0,0.0,5.6,0.0,49.8,0.0,21.2,0.0
2402.375,"","","TOTAL_ZONE_COUNTS",0,2,10,1,0,11,7,0,76,49,1,38,0,1,119,0,0,33,2,0,0,0,1,0,0,0,1,1,0,8,0,0,47,2,42,2,3,0,0,2,0,75,0,1,0
2402.376,"","","TOTAL_ZONE_TIMERS",0.000,1470.946,183.934,1140.779,0.000,174.037,745.446,0.000,567.614,648.291,13.863,496.685,0.000,591.683,97.160,0.000,0.000,225.620,1800.522,0.000,0.000,0.000,1800.953,0.000,0.000,0.000,293.875,580.990,0.000,1.068,0.000,0.000,867.329,4.765,1513.346,7.498,937.253,0.000,0.000,79.951,0.000,963.754,0.000,1617.384,0.000
2402.377,"Info","2021-04-22 23:58:24","Service 'E_ymaze_droso' : Execution end"
