0.000,"Info","2021-04-21 23:23:40","Service 'E_ymaze_droso' : Execution start"
0.000,"Info","Subject Identification"," Z8E63AA_B_210421_1"
0.000,"Info","Apparatus","Zantiks Unit"
0.000,"Info","Unit ID","8E63AA"
"TIME","","","ARENA","ACTION","ZONE"
601.306,"Info","Arena",1,"Enter_Zone",2
601.306,"Info","Arena",2,"Enter_Zone",1
601.306,"Info","Arena",3,"Enter_Zone",4
601.306,"Info","Arena",4,"Enter_Zone",4
601.306,"Info","Arena",5,"Enter_Zone",3
601.306,"Info","Arena",6,"Enter_Zone",3
601.306,"Info","Arena",7,"Enter_Zone",4
601.306,"Info","Arena",8,"Enter_Zone",4
601.306,"Info","Arena",9,"Enter_Zone",1
601.306,"Info","Arena",10,"Enter_Zone",1
601.306,"Info","Arena",11,"Enter_Zone",3
601.306,"Info","Arena",12,"Enter_Zone",1
601.306,"Info","Arena",13,"Enter_Zone",2
601.306,"Info","Arena",14,"Enter_Zone",1
601.306,"Info","Arena",15,"Enter_Zone",4
732.681,"Info","Arena",3,"Exit_Zone",4
732.681,"Info","Arena",3,"Enter_Zone",1
732.881,"Info","Arena",3,"Exit_Zone",1
732.881,"Info","Arena",3,"Enter_Zone",4
732.983,"Info","Arena",3,"Exit_Zone",4
732.983,"Info","Arena",3,"Enter_Zone",1
733.014,"Info","Arena",3,"Exit_Zone",1
733.014,"Info","Arena",3,"Enter_Zone",4
733.081,"Info","Arena",3,"Exit_Zone",4
733.081,"Info","Arena",3,"Enter_Zone",1
733.114,"Info","Arena",3,"Exit_Zone",1
733.114,"Info","Arena",3,"Enter_Zone",4
733.150,"Info","Arena",3,"Exit_Zone",4
733.150,"Info","Arena",3,"Enter_Zone",1
733.181,"Info","Arena",3,"Exit_Zone",1
733.181,"Info","Arena",3,"Enter_Zone",4
733.214,"Info","Arena",3,"Exit_Zone",4
733.214,"Info","Arena",3,"Enter_Zone",1
733.317,"Info","Arena",3,"Exit_Zone",1
733.317,"Info","Arena",3,"Enter_Zone",4
734.347,"Info","Arena",3,"Exit_Zone",4
734.347,"Info","Arena",3,"Enter_Zone",1
734.680,"Info","Arena",3,"Exit_Zone",1
734.680,"Info","Arena",3,"Enter_Zone",4
759.312,"Info","Arena",3,"Exit_Zone",4
759.312,"Info","Arena",3,"Enter_Zone",1
847.692,"Info","Arena",3,"Exit_Zone",1
847.692,"Info","Arena",3,"Enter_Zone",4
847.795,"Info","Arena",3,"Exit_Zone",4
847.795,"Info","Arena",3,"Enter_Zone",1
847.825,"Info","Arena",3,"Exit_Zone",1
847.825,"Info","Arena",3,"Enter_Zone",4
847.925,"Info","Arena",3,"Exit_Zone",4
847.925,"Info","Arena",3,"Enter_Zone",1
847.992,"Info","Arena",3,"Exit_Zone",1
847.992,"Info","Arena",3,"Enter_Zone",4
848.158,"Info","Arena",3,"Exit_Zone",4
848.158,"Info","Arena",3,"Enter_Zone",1
848.192,"Info","Arena",3,"Exit_Zone",1
848.192,"Info","Arena",3,"Enter_Zone",4
848.462,"Info","Arena",3,"Exit_Zone",4
848.462,"Info","Arena",3,"Enter_Zone",1
848.492,"Info","Arena",3,"Exit_Zone",1
848.492,"Info","Arena",3,"Enter_Zone",4
848.628,"Info","Arena",3,"Exit_Zone",4
848.628,"Info","Arena",3,"Enter_Zone",1
848.658,"Info","Arena",3,"Exit_Zone",1
848.658,"Info","Arena",3,"Enter_Zone",4
848.691,"Info","Arena",3,"Exit_Zone",4
848.691,"Info","Arena",3,"Enter_Zone",1
848.758,"Info","Arena",3,"Exit_Zone",1
848.758,"Info","Arena",3,"Enter_Zone",4
848.825,"Info","Arena",3,"Exit_Zone",4
848.825,"Info","Arena",3,"Enter_Zone",1
848.858,"Info","Arena",3,"Exit_Zone",1
848.858,"Info","Arena",3,"Enter_Zone",4
848.961,"Info","Arena",3,"Exit_Zone",4
848.961,"Info","Arena",3,"Enter_Zone",1
848.991,"Info","Arena",3,"Exit_Zone",1
848.991,"Info","Arena",3,"Enter_Zone",4
849.025,"Info","Arena",3,"Exit_Zone",4
849.025,"Info","Arena",3,"Enter_Zone",1
849.091,"Info","Arena",3,"Exit_Zone",1
849.091,"Info","Arena",3,"Enter_Zone",4
849.158,"Info","Arena",3,"Exit_Zone",4
849.158,"Info","Arena",3,"Enter_Zone",1
849.491,"Info","Arena",3,"Exit_Zone",1
849.491,"Info","Arena",3,"Enter_Zone",4
849.525,"Info","Arena",3,"Exit_Zone",4
849.525,"Info","Arena",3,"Enter_Zone",1
849.658,"Info","Arena",3,"Exit_Zone",1
849.658,"Info","Arena",3,"Enter_Zone",4
849.691,"Info","Arena",3,"Exit_Zone",4
849.691,"Info","Arena",3,"Enter_Zone",1
849.725,"Info","Arena",3,"Exit_Zone",1
849.725,"Info","Arena",3,"Enter_Zone",4
849.758,"Info","Arena",3,"Exit_Zone",4
849.758,"Info","Arena",3,"Enter_Zone",1
849.925,"Info","Arena",3,"Exit_Zone",1
849.925,"Info","Arena",3,"Enter_Zone",4
849.991,"Info","Arena",3,"Exit_Zone",4
849.991,"Info","Arena",3,"Enter_Zone",1
850.091,"Info","Arena",3,"Exit_Zone",1
850.091,"Info","Arena",3,"Enter_Zone",4
850.158,"Info","Arena",3,"Exit_Zone",4
850.158,"Info","Arena",3,"Enter_Zone",1
850.191,"Info","Arena",3,"Exit_Zone",1
850.191,"Info","Arena",3,"Enter_Zone",4
850.259,"Info","Arena",3,"Exit_Zone",4
850.259,"Info","Arena",3,"Enter_Zone",1
851.091,"Info","Arena",3,"Exit_Zone",1
851.091,"Info","Arena",3,"Enter_Zone",4
851.158,"Info","Arena",3,"Exit_Zone",4
851.158,"Info","Arena",3,"Enter_Zone",1
851.224,"Info","Arena",3,"Exit_Zone",1
851.224,"Info","Arena",3,"Enter_Zone",4
851.258,"Info","Arena",3,"Exit_Zone",4
851.258,"Info","Arena",3,"Enter_Zone",1
851.391,"Info","Arena",3,"Exit_Zone",1
851.391,"Info","Arena",3,"Enter_Zone",4
860.625,"Info","Arena",3,"Exit_Zone",4
860.625,"Info","Arena",3,"Enter_Zone",1
861.322,"Info","Arena",3,"Exit_Zone",1
861.322,"Info","Arena",3,"Enter_Zone",4
861.389,"Info","Arena",3,"Exit_Zone",4
861.389,"Info","Arena",3,"Enter_Zone",1
861.422,"Info","Arena",3,"Exit_Zone",1
861.422,"Info","Arena",3,"Enter_Zone",4
862.722,"Info","Arena",3,"Exit_Zone",4
862.722,"Info","Arena",3,"Enter_Zone",1
1022.224,"Info","Arena",13,"Exit_Zone",2
1022.224,"Info","Arena",13,"Enter_Zone",4
1022.427,"Info","Arena",13,"Exit_Zone",4
1022.427,"Info","Arena",13,"Enter_Zone",2
1022.458,"Info","Arena",13,"Exit_Zone",2
1022.458,"Info","Arena",13,"Enter_Zone",4
1022.524,"Info","Arena",13,"Exit_Zone",4
1022.524,"Info","Arena",13,"Enter_Zone",2
1022.558,"Info","Arena",13,"Exit_Zone",2
1022.558,"Info","Arena",13,"Enter_Zone",4
1022.691,"Info","Arena",13,"Exit_Zone",4
1022.691,"Info","Arena",13,"Enter_Zone",2
1033.356,"Info","Arena",3,"Exit_Zone",1
1033.356,"Info","Arena",3,"Enter_Zone",4
1033.489,"Info","Arena",3,"Exit_Zone",4
1033.489,"Info","Arena",3,"Enter_Zone",1
1119.575,"Info","Arena",15,"Exit_Zone",4
1119.575,"Info","Arena",15,"Enter_Zone",1
1119.605,"Info","Arena",15,"Exit_Zone",1
1119.605,"Info","Arena",15,"Enter_Zone",4
1120.372,"Info","Arena",15,"Exit_Zone",4
1120.372,"Info","Arena",15,"Enter_Zone",1
1120.408,"Info","Arena",15,"Exit_Zone",1
1120.408,"Info","Arena",15,"Enter_Zone",4
1121.105,"Info","Arena",15,"Exit_Zone",4
1121.105,"Info","Arena",15,"Enter_Zone",1
1121.139,"Info","Arena",15,"Exit_Zone",1
1121.139,"Info","Arena",15,"Enter_Zone",4
1121.505,"Info","Arena",15,"Exit_Zone",4
1121.505,"Info","Arena",15,"Enter_Zone",1
1121.538,"Info","Arena",15,"Exit_Zone",1
1121.538,"Info","Arena",15,"Enter_Zone",4
1121.605,"Info","Arena",15,"Exit_Zone",4
1121.605,"Info","Arena",15,"Enter_Zone",1
1121.638,"Info","Arena",15,"Exit_Zone",1
1121.638,"Info","Arena",15,"Enter_Zone",4
1121.705,"Info","Arena",15,"Exit_Zone",4
1121.705,"Info","Arena",15,"Enter_Zone",1
1121.772,"Info","Arena",15,"Exit_Zone",1
1121.772,"Info","Arena",15,"Enter_Zone",4
1121.805,"Info","Arena",15,"Exit_Zone",4
1121.805,"Info","Arena",15,"Enter_Zone",1
1121.838,"Info","Arena",15,"Exit_Zone",1
1121.838,"Info","Arena",15,"Enter_Zone",4
1121.872,"Info","Arena",15,"Exit_Zone",4
1121.872,"Info","Arena",15,"Enter_Zone",1
1121.908,"Info","Arena",15,"Exit_Zone",1
1121.908,"Info","Arena",15,"Enter_Zone",4
1122.105,"Info","Arena",15,"Exit_Zone",4
1122.105,"Info","Arena",15,"Enter_Zone",1
1122.138,"Info","Arena",15,"Exit_Zone",1
1122.138,"Info","Arena",15,"Enter_Zone",4
1122.505,"Info","Arena",3,"Exit_Zone",1
1122.505,"Info","Arena",3,"Enter_Zone",4
1122.538,"Info","Arena",3,"Exit_Zone",4
1122.538,"Info","Arena",3,"Enter_Zone",1
1122.605,"Info","Arena",3,"Exit_Zone",1
1122.605,"Info","Arena",3,"Enter_Zone",4
1122.638,"Info","Arena",3,"Exit_Zone",4
1122.638,"Info","Arena",3,"Enter_Zone",1
1125.471,"Info","Arena",15,"Exit_Zone",4
1125.471,"Info","Arena",15,"Enter_Zone",1
1125.504,"Info","Arena",15,"Exit_Zone",1
1125.504,"Info","Arena",15,"Enter_Zone",4
1127.573,"Info","Arena",15,"Exit_Zone",4
1127.573,"Info","Arena",15,"Enter_Zone",1
1127.604,"Info","Arena",15,"Exit_Zone",1
1127.604,"Info","Arena",15,"Enter_Zone",4
1127.637,"Info","Arena",15,"Exit_Zone",4
1127.637,"Info","Arena",15,"Enter_Zone",1
1127.671,"Info","Arena",15,"Exit_Zone",1
1127.671,"Info","Arena",15,"Enter_Zone",4
1127.804,"Info","Arena",15,"Exit_Zone",4
1127.804,"Info","Arena",15,"Enter_Zone",1
1127.870,"Info","Arena",15,"Exit_Zone",1
1127.870,"Info","Arena",15,"Enter_Zone",4
1127.937,"Info","Arena",15,"Exit_Zone",4
1127.937,"Info","Arena",15,"Enter_Zone",1
1127.970,"Info","Arena",15,"Exit_Zone",1
1127.970,"Info","Arena",15,"Enter_Zone",4
1128.170,"Info","Arena",15,"Exit_Zone",4
1128.170,"Info","Arena",15,"Enter_Zone",1
1128.204,"Info","Arena",15,"Exit_Zone",1
1128.204,"Info","Arena",15,"Enter_Zone",4
1128.370,"Info","Arena",15,"Exit_Zone",4
1128.370,"Info","Arena",15,"Enter_Zone",1
1128.407,"Info","Arena",15,"Exit_Zone",1
1128.407,"Info","Arena",15,"Enter_Zone",4
1128.504,"Info","Arena",15,"Exit_Zone",4
1128.504,"Info","Arena",15,"Enter_Zone",1
1128.771,"Info","Arena",15,"Exit_Zone",1
1128.771,"Info","Arena",15,"Enter_Zone",4
1128.804,"Info","Arena",15,"Exit_Zone",4
1128.804,"Info","Arena",15,"Enter_Zone",1
1128.870,"Info","Arena",15,"Exit_Zone",1
1128.870,"Info","Arena",15,"Enter_Zone",4
1128.906,"Info","Arena",15,"Exit_Zone",4
1128.906,"Info","Arena",15,"Enter_Zone",1
1128.970,"Info","Arena",15,"Exit_Zone",1
1128.970,"Info","Arena",15,"Enter_Zone",4
1129.004,"Info","Arena",15,"Exit_Zone",4
1129.004,"Info","Arena",15,"Enter_Zone",1
1129.037,"Info","Arena",15,"Exit_Zone",1
1129.037,"Info","Arena",15,"Enter_Zone",4
1129.104,"Info","Arena",15,"Exit_Zone",4
1129.104,"Info","Arena",15,"Enter_Zone",1
1129.137,"Info","Arena",15,"Exit_Zone",1
1129.137,"Info","Arena",15,"Enter_Zone",4
1129.170,"Info","Arena",15,"Exit_Zone",4
1129.170,"Info","Arena",15,"Enter_Zone",1
1129.204,"Info","Arena",15,"Exit_Zone",1
1129.204,"Info","Arena",15,"Enter_Zone",4
1129.270,"Info","Arena",15,"Exit_Zone",4
1129.270,"Info","Arena",15,"Enter_Zone",1
1129.337,"Info","Arena",15,"Exit_Zone",1
1129.337,"Info","Arena",15,"Enter_Zone",4
1129.407,"Info","Arena",15,"Exit_Zone",4
1129.407,"Info","Arena",15,"Enter_Zone",1
1129.437,"Info","Arena",15,"Exit_Zone",1
1129.437,"Info","Arena",15,"Enter_Zone",4
1132.437,"Info","Arena",3,"Exit_Zone",1
1132.437,"Info","Arena",3,"Enter_Zone",4
1132.603,"Info","Arena",3,"Exit_Zone",4
1132.603,"Info","Arena",3,"Enter_Zone",1
1132.636,"Info","Arena",3,"Exit_Zone",1
1132.636,"Info","Arena",3,"Enter_Zone",4
1133.270,"Info","Arena",3,"Exit_Zone",4
1133.270,"Info","Arena",3,"Enter_Zone",1
1136.369,"Info","Arena",15,"Exit_Zone",4
1136.369,"Info","Arena",15,"Enter_Zone",1
1136.436,"Info","Arena",15,"Exit_Zone",1
1136.436,"Info","Arena",15,"Enter_Zone",4
1136.469,"Info","Arena",15,"Exit_Zone",4
1136.469,"Info","Arena",15,"Enter_Zone",1
1136.502,"Info","Arena",15,"Exit_Zone",1
1136.502,"Info","Arena",15,"Enter_Zone",4
1136.535,"Info","Arena",15,"Exit_Zone",4
1136.535,"Info","Arena",15,"Enter_Zone",1
1136.572,"Info","Arena",15,"Exit_Zone",1
1136.572,"Info","Arena",15,"Enter_Zone",4
1136.738,"Info","Arena",15,"Exit_Zone",4
1136.738,"Info","Arena",15,"Enter_Zone",1
1136.835,"Info","Arena",15,"Exit_Zone",1
1136.835,"Info","Arena",15,"Enter_Zone",4
1137.369,"Info","Arena",15,"Exit_Zone",4
1137.369,"Info","Arena",15,"Enter_Zone",1
1137.405,"Info","Arena",15,"Exit_Zone",1
1137.405,"Info","Arena",15,"Enter_Zone",4
1137.469,"Info","Arena",15,"Exit_Zone",4
1137.469,"Info","Arena",15,"Enter_Zone",1
1137.502,"Info","Arena",15,"Exit_Zone",1
1137.502,"Info","Arena",15,"Enter_Zone",4
1137.572,"Info","Arena",15,"Exit_Zone",4
1137.572,"Info","Arena",15,"Enter_Zone",1
1137.602,"Info","Arena",15,"Exit_Zone",1
1137.602,"Info","Arena",15,"Enter_Zone",4
1137.702,"Info","Arena",15,"Exit_Zone",4
1137.702,"Info","Arena",15,"Enter_Zone",1
1137.738,"Info","Arena",15,"Exit_Zone",1
1137.738,"Info","Arena",15,"Enter_Zone",4
1137.769,"Info","Arena",15,"Exit_Zone",4
1137.769,"Info","Arena",15,"Enter_Zone",1
1137.802,"Info","Arena",15,"Exit_Zone",1
1137.802,"Info","Arena",15,"Enter_Zone",4
1137.905,"Info","Arena",15,"Exit_Zone",4
1137.905,"Info","Arena",15,"Enter_Zone",1
1137.935,"Info","Arena",15,"Exit_Zone",1
1137.935,"Info","Arena",15,"Enter_Zone",4
1138.002,"Info","Arena",13,"Exit_Zone",2
1138.002,"Info","Arena",13,"Enter_Zone",4
1138.035,"Info","Arena",13,"Exit_Zone",4
1138.035,"Info","Arena",13,"Enter_Zone",2
1138.035,"Info","Arena",15,"Exit_Zone",4
1138.035,"Info","Arena",15,"Enter_Zone",1
1138.071,"Info","Arena",13,"Exit_Zone",2
1138.071,"Info","Arena",13,"Enter_Zone",4
1138.102,"Info","Arena",13,"Exit_Zone",4
1138.102,"Info","Arena",13,"Enter_Zone",2
1138.135,"Info","Arena",13,"Exit_Zone",2
1138.135,"Info","Arena",13,"Enter_Zone",4
1138.202,"Info","Arena",13,"Exit_Zone",4
1138.202,"Info","Arena",13,"Enter_Zone",2
1138.405,"Info","Arena",15,"Exit_Zone",1
1138.405,"Info","Arena",15,"Enter_Zone",4
1138.435,"Info","Arena",15,"Exit_Zone",4
1138.435,"Info","Arena",15,"Enter_Zone",1
1138.535,"Info","Arena",15,"Exit_Zone",1
1138.535,"Info","Arena",15,"Enter_Zone",4
1138.571,"Info","Arena",15,"Exit_Zone",4
1138.571,"Info","Arena",15,"Enter_Zone",1
1138.602,"Info","Arena",15,"Exit_Zone",1
1138.602,"Info","Arena",15,"Enter_Zone",4
1138.635,"Info","Arena",15,"Exit_Zone",4
1138.635,"Info","Arena",15,"Enter_Zone",1
1138.768,"Info","Arena",15,"Exit_Zone",1
1138.768,"Info","Arena",15,"Enter_Zone",4
1138.836,"Info","Arena",15,"Exit_Zone",4
1138.836,"Info","Arena",15,"Enter_Zone",1
1138.868,"Info","Arena",15,"Exit_Zone",1
1138.868,"Info","Arena",15,"Enter_Zone",4
1139.002,"Info","Arena",15,"Exit_Zone",4
1139.002,"Info","Arena",15,"Enter_Zone",1
1139.035,"Info","Arena",15,"Exit_Zone",1
1139.035,"Info","Arena",15,"Enter_Zone",4
1139.071,"Info","Arena",15,"Exit_Zone",4
1139.071,"Info","Arena",15,"Enter_Zone",1
1139.535,"Info","Arena",15,"Exit_Zone",1
1139.535,"Info","Arena",15,"Enter_Zone",4
1139.571,"Info","Arena",15,"Exit_Zone",4
1139.571,"Info","Arena",15,"Enter_Zone",1
1141.601,"Info","Arena",13,"Exit_Zone",2
1141.601,"Info","Arena",13,"Enter_Zone",4
1141.737,"Info","Arena",13,"Exit_Zone",4
1141.737,"Info","Arena",13,"Enter_Zone",2
1141.768,"Info","Arena",13,"Exit_Zone",2
1141.768,"Info","Arena",13,"Enter_Zone",4
1141.834,"Info","Arena",13,"Exit_Zone",4
1141.834,"Info","Arena",13,"Enter_Zone",2
1141.904,"Info","Arena",3,"Exit_Zone",1
1141.904,"Info","Arena",3,"Enter_Zone",4
1142.168,"Info","Arena",3,"Exit_Zone",4
1142.168,"Info","Arena",3,"Enter_Zone",1
1142.201,"Info","Arena",3,"Exit_Zone",1
1142.201,"Info","Arena",3,"Enter_Zone",4
1142.237,"Info","Arena",3,"Exit_Zone",4
1142.237,"Info","Arena",3,"Enter_Zone",1
1143.268,"Info","Arena",15,"Exit_Zone",1
1143.268,"Info","Arena",15,"Enter_Zone",4
1143.934,"Info","Arena",15,"Exit_Zone",4
1143.934,"Info","Arena",15,"Enter_Zone",1
1143.968,"Info","Arena",15,"Exit_Zone",1
1143.968,"Info","Arena",15,"Enter_Zone",4
1144.034,"Info","Arena",15,"Exit_Zone",4
1144.034,"Info","Arena",15,"Enter_Zone",1
1144.201,"Info","Arena",15,"Exit_Zone",1
1144.201,"Info","Arena",15,"Enter_Zone",4
1144.237,"Info","Arena",15,"Exit_Zone",4
1144.237,"Info","Arena",15,"Enter_Zone",1
1144.267,"Info","Arena",15,"Exit_Zone",1
1144.267,"Info","Arena",15,"Enter_Zone",4
1144.834,"Info","Arena",13,"Exit_Zone",2
1144.834,"Info","Arena",13,"Enter_Zone",4
1144.867,"Info","Arena",13,"Exit_Zone",4
1144.867,"Info","Arena",13,"Enter_Zone",2
1145.270,"Info","Arena",13,"Exit_Zone",2
1145.270,"Info","Arena",13,"Enter_Zone",4
1145.335,"Info","Arena",13,"Exit_Zone",4
1145.335,"Info","Arena",13,"Enter_Zone",2
1145.434,"Info","Arena",13,"Exit_Zone",2
1145.434,"Info","Arena",13,"Enter_Zone",4
1145.500,"Info","Arena",13,"Exit_Zone",4
1145.500,"Info","Arena",13,"Enter_Zone",2
1145.570,"Info","Arena",13,"Exit_Zone",2
1145.570,"Info","Arena",13,"Enter_Zone",4
1145.600,"Info","Arena",13,"Exit_Zone",4
1145.600,"Info","Arena",13,"Enter_Zone",2
1146.200,"Info","Arena",13,"Exit_Zone",2
1146.200,"Info","Arena",13,"Enter_Zone",4
1147.267,"Info","Arena",3,"Exit_Zone",1
1147.267,"Info","Arena",3,"Enter_Zone",4
1148.300,"Info","Arena",3,"Exit_Zone",4
1148.300,"Info","Arena",3,"Enter_Zone",1
1148.467,"Info","Arena",3,"Exit_Zone",1
1148.467,"Info","Arena",3,"Enter_Zone",4
1148.500,"Info","Arena",3,"Exit_Zone",4
1148.500,"Info","Arena",3,"Enter_Zone",1
1148.600,"Info","Arena",3,"Exit_Zone",1
1148.600,"Info","Arena",3,"Enter_Zone",4
1149.133,"Info","Arena",3,"Exit_Zone",4
1149.133,"Info","Arena",3,"Enter_Zone",1
1150.000,"Info","Arena",13,"Exit_Zone",4
1150.000,"Info","Arena",13,"Enter_Zone",2
1150.033,"Info","Arena",13,"Exit_Zone",2
1150.033,"Info","Arena",13,"Enter_Zone",4
1150.999,"Info","Arena",13,"Exit_Zone",4
1150.999,"Info","Arena",13,"Enter_Zone",2
1151.033,"Info","Arena",13,"Exit_Zone",2
1151.033,"Info","Arena",13,"Enter_Zone",4
1151.199,"Info","Arena",13,"Exit_Zone",4
1151.199,"Info","Arena",13,"Enter_Zone",2
1151.236,"Info","Arena",13,"Exit_Zone",2
1151.236,"Info","Arena",13,"Enter_Zone",4
1151.402,"Info","Arena",13,"Exit_Zone",4
1151.402,"Info","Arena",13,"Enter_Zone",2
1151.466,"Info","Arena",13,"Exit_Zone",2
1151.466,"Info","Arena",13,"Enter_Zone",4
1151.499,"Info","Arena",13,"Exit_Zone",4
1151.499,"Info","Arena",13,"Enter_Zone",2
1151.533,"Info","Arena",13,"Exit_Zone",2
1151.533,"Info","Arena",13,"Enter_Zone",4
1152.166,"Info","Arena",13,"Exit_Zone",4
1152.166,"Info","Arena",13,"Enter_Zone",2
1152.235,"Info","Arena",13,"Exit_Zone",2
1152.235,"Info","Arena",13,"Enter_Zone",4
1153.599,"Info","Arena",13,"Exit_Zone",4
1153.599,"Info","Arena",13,"Enter_Zone",2
1153.666,"Info","Arena",13,"Exit_Zone",2
1153.666,"Info","Arena",13,"Enter_Zone",4
1153.699,"Info","Arena",13,"Exit_Zone",4
1153.699,"Info","Arena",13,"Enter_Zone",2
1153.735,"Info","Arena",13,"Exit_Zone",2
1153.735,"Info","Arena",13,"Enter_Zone",4
1153.766,"Info","Arena",13,"Exit_Zone",4
1153.766,"Info","Arena",13,"Enter_Zone",2
1153.799,"Info","Arena",13,"Exit_Zone",2
1153.799,"Info","Arena",13,"Enter_Zone",4
1159.431,"Info","Arena",3,"Exit_Zone",1
1159.431,"Info","Arena",3,"Enter_Zone",4
1164.797,"Info","Arena",3,"Exit_Zone",4
1164.797,"Info","Arena",3,"Enter_Zone",1
1181.396,"Info","Arena",15,"Exit_Zone",4
1181.396,"Info","Arena",15,"Enter_Zone",2
1199.523,"Info","Arena",3,"Exit_Zone",1
1199.523,"Info","Arena",3,"Enter_Zone",4
1199.559,"Info","Arena",3,"Exit_Zone",4
1199.559,"Info","Arena",3,"Enter_Zone",1
1199.590,"Info","Arena",3,"Exit_Zone",1
1199.590,"Info","Arena",3,"Enter_Zone",4
1199.690,"Info","Arena",3,"Exit_Zone",4
1199.690,"Info","Arena",3,"Enter_Zone",1
1200.559,"Info","Arena",3,"Exit_Zone",1
1200.559,"Info","Arena",3,"Enter_Zone",4
1201.923,"Info","Arena",3,"Exit_Zone",4
1201.923,"Info","Arena",3,"Enter_Zone",1
1205.725,"Info","Arena",4,"Exit_Zone",4
1205.725,"Info","Arena",4,"Enter_Zone",3
1227.251,"Info","Arena",15,"Exit_Zone",2
1227.251,"Info","Arena",15,"Enter_Zone",4
1232.117,"Info","Arena",15,"Exit_Zone",4
1232.117,"Info","Arena",15,"Enter_Zone",1
1299.970,"Info","Arena",3,"Exit_Zone",1
1299.970,"Info","Arena",3,"Enter_Zone",4
1301.706,"Info","Arena",3,"Exit_Zone",4
1301.706,"Info","Arena",3,"Enter_Zone",1
1336.163,"Info","Arena",15,"Exit_Zone",1
1336.163,"Info","Arena",15,"Enter_Zone",4
1341.032,"Info","Arena",15,"Exit_Zone",4
1341.032,"Info","Arena",15,"Enter_Zone",2
1341.229,"Info","Arena",3,"Exit_Zone",1
1341.229,"Info","Arena",3,"Enter_Zone",4
1341.562,"Info","Arena",3,"Exit_Zone",4
1341.562,"Info","Arena",3,"Enter_Zone",1
1346.228,"Info","Arena",3,"Exit_Zone",1
1346.228,"Info","Arena",3,"Enter_Zone",4
1347.594,"Info","Arena",3,"Exit_Zone",4
1347.594,"Info","Arena",3,"Enter_Zone",1
1347.794,"Info","Arena",3,"Exit_Zone",1
1347.794,"Info","Arena",3,"Enter_Zone",4
1349.161,"Info","Arena",3,"Exit_Zone",4
1349.161,"Info","Arena",3,"Enter_Zone",1
1349.228,"Info","Arena",3,"Exit_Zone",1
1349.228,"Info","Arena",3,"Enter_Zone",4
1349.294,"Info","Arena",3,"Exit_Zone",4
1349.294,"Info","Arena",3,"Enter_Zone",1
1369.224,"Info","Arena",13,"Exit_Zone",4
1369.224,"Info","Arena",13,"Enter_Zone",2
1386.587,"Info","Arena",13,"Exit_Zone",2
1386.587,"Info","Arena",13,"Enter_Zone",4
1386.620,"Info","Arena",13,"Exit_Zone",4
1386.620,"Info","Arena",13,"Enter_Zone",2
1387.553,"Info","Arena",13,"Exit_Zone",2
1387.553,"Info","Arena",13,"Enter_Zone",4
1387.587,"Info","Arena",13,"Exit_Zone",4
1387.587,"Info","Arena",13,"Enter_Zone",2
1387.820,"Info","Arena",13,"Exit_Zone",2
1387.820,"Info","Arena",13,"Enter_Zone",4
1387.856,"Info","Arena",13,"Exit_Zone",4
1387.856,"Info","Arena",13,"Enter_Zone",2
1388.587,"Info","Arena",13,"Exit_Zone",2
1388.587,"Info","Arena",13,"Enter_Zone",4
1388.620,"Info","Arena",13,"Exit_Zone",4
1388.620,"Info","Arena",13,"Enter_Zone",2
1388.953,"Info","Arena",13,"Exit_Zone",2
1388.953,"Info","Arena",13,"Enter_Zone",4
1388.987,"Info","Arena",13,"Exit_Zone",4
1388.987,"Info","Arena",13,"Enter_Zone",2
1389.053,"Info","Arena",13,"Exit_Zone",2
1389.053,"Info","Arena",13,"Enter_Zone",4
1389.087,"Info","Arena",13,"Exit_Zone",4
1389.087,"Info","Arena",13,"Enter_Zone",2
1389.689,"Info","Arena",13,"Exit_Zone",2
1389.689,"Info","Arena",13,"Enter_Zone",4
1389.720,"Info","Arena",13,"Exit_Zone",4
1389.720,"Info","Arena",13,"Enter_Zone",2
1389.753,"Info","Arena",13,"Exit_Zone",2
1389.753,"Info","Arena",13,"Enter_Zone",4
1389.786,"Info","Arena",3,"Exit_Zone",1
1389.786,"Info","Arena",3,"Enter_Zone",4
1389.786,"Info","Arena",13,"Exit_Zone",4
1389.786,"Info","Arena",13,"Enter_Zone",2
1389.856,"Info","Arena",13,"Exit_Zone",2
1389.856,"Info","Arena",13,"Enter_Zone",4
1389.887,"Info","Arena",13,"Exit_Zone",4
1389.887,"Info","Arena",13,"Enter_Zone",2
1389.920,"Info","Arena",3,"Exit_Zone",4
1389.920,"Info","Arena",3,"Enter_Zone",1
1389.986,"Info","Arena",3,"Exit_Zone",1
1389.986,"Info","Arena",3,"Enter_Zone",4
1390.189,"Info","Arena",3,"Exit_Zone",4
1390.189,"Info","Arena",3,"Enter_Zone",1
1390.420,"Info","Arena",3,"Exit_Zone",1
1390.420,"Info","Arena",3,"Enter_Zone",4
1390.453,"Info","Arena",3,"Exit_Zone",4
1390.453,"Info","Arena",3,"Enter_Zone",1
1390.856,"Info","Arena",13,"Exit_Zone",2
1390.856,"Info","Arena",13,"Enter_Zone",4
1390.886,"Info","Arena",13,"Exit_Zone",4
1390.886,"Info","Arena",13,"Enter_Zone",2
1390.986,"Info","Arena",3,"Exit_Zone",1
1390.986,"Info","Arena",3,"Enter_Zone",4
1391.053,"Info","Arena",3,"Exit_Zone",4
1391.053,"Info","Arena",3,"Enter_Zone",1
1391.053,"Info","Arena",13,"Exit_Zone",2
1391.053,"Info","Arena",13,"Enter_Zone",4
1391.086,"Info","Arena",13,"Exit_Zone",4
1391.086,"Info","Arena",13,"Enter_Zone",2
1391.486,"Info","Arena",13,"Exit_Zone",2
1391.486,"Info","Arena",13,"Enter_Zone",4
1391.522,"Info","Arena",13,"Exit_Zone",4
1391.522,"Info","Arena",13,"Enter_Zone",2
1391.586,"Info","Arena",13,"Exit_Zone",2
1391.586,"Info","Arena",13,"Enter_Zone",4
1391.619,"Info","Arena",3,"Exit_Zone",1
1391.619,"Info","Arena",3,"Enter_Zone",4
1391.689,"Info","Arena",3,"Exit_Zone",4
1391.689,"Info","Arena",3,"Enter_Zone",1
1391.689,"Info","Arena",13,"Exit_Zone",4
1391.689,"Info","Arena",13,"Enter_Zone",2
1391.719,"Info","Arena",13,"Exit_Zone",2
1391.719,"Info","Arena",13,"Enter_Zone",4
1391.786,"Info","Arena",3,"Exit_Zone",1
1391.786,"Info","Arena",3,"Enter_Zone",4
1391.819,"Info","Arena",13,"Exit_Zone",4
1391.819,"Info","Arena",13,"Enter_Zone",2
1391.919,"Info","Arena",13,"Exit_Zone",2
1391.919,"Info","Arena",13,"Enter_Zone",4
1391.953,"Info","Arena",13,"Exit_Zone",4
1391.953,"Info","Arena",13,"Enter_Zone",2
1392.022,"Info","Arena",13,"Exit_Zone",2
1392.022,"Info","Arena",13,"Enter_Zone",4
1392.086,"Info","Arena",13,"Exit_Zone",4
1392.086,"Info","Arena",13,"Enter_Zone",2
1396.785,"Info","Arena",3,"Exit_Zone",4
1396.785,"Info","Arena",3,"Enter_Zone",1
1396.818,"Info","Arena",3,"Exit_Zone",1
1396.818,"Info","Arena",3,"Enter_Zone",4
1396.885,"Info","Arena",3,"Exit_Zone",4
1396.885,"Info","Arena",3,"Enter_Zone",1
1396.918,"Info","Arena",3,"Exit_Zone",1
1396.918,"Info","Arena",3,"Enter_Zone",4
1397.021,"Info","Arena",3,"Exit_Zone",4
1397.021,"Info","Arena",3,"Enter_Zone",1
1397.052,"Info","Arena",3,"Exit_Zone",1
1397.052,"Info","Arena",3,"Enter_Zone",4
1397.485,"Info","Arena",3,"Exit_Zone",4
1397.485,"Info","Arena",3,"Enter_Zone",1
1397.785,"Info","Arena",3,"Exit_Zone",1
1397.785,"Info","Arena",3,"Enter_Zone",4
1435.446,"Info","Arena",2,"Exit_Zone",1
1435.446,"Info","Arena",2,"Enter_Zone",4
1436.014,"Info","Arena",2,"Exit_Zone",4
1436.014,"Info","Arena",2,"Enter_Zone",1
1453.307,"Info","Arena",13,"Exit_Zone",2
1453.307,"Info","Arena",13,"Enter_Zone",4
1453.343,"Info","Arena",13,"Exit_Zone",4
1453.343,"Info","Arena",13,"Enter_Zone",2
1453.407,"Info","Arena",13,"Exit_Zone",2
1453.407,"Info","Arena",13,"Enter_Zone",4
1455.640,"Info","Arena",13,"Exit_Zone",4
1455.640,"Info","Arena",13,"Enter_Zone",2
1455.676,"Info","Arena",13,"Exit_Zone",2
1455.676,"Info","Arena",13,"Enter_Zone",4
1455.773,"Info","Arena",13,"Exit_Zone",4
1455.773,"Info","Arena",13,"Enter_Zone",2
1459.539,"Info","Arena",13,"Exit_Zone",2
1459.539,"Info","Arena",13,"Enter_Zone",4
1462.272,"Info","Arena",13,"Exit_Zone",4
1462.272,"Info","Arena",13,"Enter_Zone",2
1499.965,"Info","Arena",13,"Exit_Zone",2
1499.965,"Info","Arena",13,"Enter_Zone",4
1516.396,"Info","Arena",3,"Exit_Zone",4
1516.396,"Info","Arena",3,"Enter_Zone",1
1541.357,"Info","Arena",1,"Exit_Zone",2
1541.357,"Info","Arena",1,"Enter_Zone",4
1561.656,"Info","Arena",13,"Exit_Zone",4
1561.656,"Info","Arena",13,"Enter_Zone",2
1565.052,"Info","Arena",13,"Exit_Zone",2
1565.052,"Info","Arena",13,"Enter_Zone",4
1565.086,"Info","Arena",13,"Exit_Zone",4
1565.086,"Info","Arena",13,"Enter_Zone",2
1565.186,"Info","Arena",13,"Exit_Zone",2
1565.186,"Info","Arena",13,"Enter_Zone",4
1565.219,"Info","Arena",13,"Exit_Zone",4
1565.219,"Info","Arena",13,"Enter_Zone",2
1568.618,"Info","Arena",13,"Exit_Zone",2
1568.618,"Info","Arena",13,"Enter_Zone",4
1568.655,"Info","Arena",13,"Exit_Zone",4
1568.655,"Info","Arena",13,"Enter_Zone",2
1568.918,"Info","Arena",13,"Exit_Zone",2
1568.918,"Info","Arena",13,"Enter_Zone",4
1568.951,"Info","Arena",13,"Exit_Zone",4
1568.951,"Info","Arena",13,"Enter_Zone",2
1569.085,"Info","Arena",13,"Exit_Zone",2
1569.085,"Info","Arena",13,"Enter_Zone",4
1569.118,"Info","Arena",13,"Exit_Zone",4
1569.118,"Info","Arena",13,"Enter_Zone",2
1569.185,"Info","Arena",13,"Exit_Zone",2
1569.185,"Info","Arena",13,"Enter_Zone",4
1569.285,"Info","Arena",13,"Exit_Zone",4
1569.285,"Info","Arena",13,"Enter_Zone",2
1569.418,"Info","Arena",13,"Exit_Zone",2
1569.418,"Info","Arena",13,"Enter_Zone",4
1569.451,"Info","Arena",13,"Exit_Zone",4
1569.451,"Info","Arena",13,"Enter_Zone",2
1569.518,"Info","Arena",13,"Exit_Zone",2
1569.518,"Info","Arena",13,"Enter_Zone",4
1569.551,"Info","Arena",13,"Exit_Zone",4
1569.551,"Info","Arena",13,"Enter_Zone",2
1569.654,"Info","Arena",13,"Exit_Zone",2
1569.654,"Info","Arena",13,"Enter_Zone",4
1569.685,"Info","Arena",13,"Exit_Zone",4
1569.685,"Info","Arena",13,"Enter_Zone",2
1569.785,"Info","Arena",13,"Exit_Zone",2
1569.785,"Info","Arena",13,"Enter_Zone",4
1569.821,"Info","Arena",13,"Exit_Zone",4
1569.821,"Info","Arena",13,"Enter_Zone",2
1569.885,"Info","Arena",13,"Exit_Zone",2
1569.885,"Info","Arena",13,"Enter_Zone",4
1569.918,"Info","Arena",13,"Exit_Zone",4
1569.918,"Info","Arena",13,"Enter_Zone",2
1569.988,"Info","Arena",13,"Exit_Zone",2
1569.988,"Info","Arena",13,"Enter_Zone",4
1570.051,"Info","Arena",13,"Exit_Zone",4
1570.051,"Info","Arena",13,"Enter_Zone",2
1570.154,"Info","Arena",13,"Exit_Zone",2
1570.154,"Info","Arena",13,"Enter_Zone",4
1570.185,"Info","Arena",13,"Exit_Zone",4
1570.185,"Info","Arena",13,"Enter_Zone",2
1570.252,"Info","Arena",13,"Exit_Zone",2
1570.252,"Info","Arena",13,"Enter_Zone",4
1570.352,"Info","Arena",13,"Exit_Zone",4
1570.352,"Info","Arena",13,"Enter_Zone",2
1570.385,"Info","Arena",13,"Exit_Zone",2
1570.385,"Info","Arena",13,"Enter_Zone",4
1570.451,"Info","Arena",13,"Exit_Zone",4
1570.451,"Info","Arena",13,"Enter_Zone",2
1570.487,"Info","Arena",13,"Exit_Zone",2
1570.487,"Info","Arena",13,"Enter_Zone",4
1570.518,"Info","Arena",13,"Exit_Zone",4
1570.518,"Info","Arena",13,"Enter_Zone",2
1570.584,"Info","Arena",13,"Exit_Zone",2
1570.584,"Info","Arena",13,"Enter_Zone",4
1570.654,"Info","Arena",13,"Exit_Zone",4
1570.654,"Info","Arena",13,"Enter_Zone",2
1570.685,"Info","Arena",13,"Exit_Zone",2
1570.685,"Info","Arena",13,"Enter_Zone",4
1570.718,"Info","Arena",13,"Exit_Zone",4
1570.718,"Info","Arena",13,"Enter_Zone",2
1570.751,"Info","Arena",13,"Exit_Zone",2
1570.751,"Info","Arena",13,"Enter_Zone",4
1570.785,"Info","Arena",13,"Exit_Zone",4
1570.785,"Info","Arena",13,"Enter_Zone",2
1570.821,"Info","Arena",13,"Exit_Zone",2
1570.821,"Info","Arena",13,"Enter_Zone",4
1570.987,"Info","Arena",13,"Exit_Zone",4
1570.987,"Info","Arena",13,"Enter_Zone",2
1571.051,"Info","Arena",13,"Exit_Zone",2
1571.051,"Info","Arena",13,"Enter_Zone",4
1571.084,"Info","Arena",13,"Exit_Zone",4
1571.084,"Info","Arena",13,"Enter_Zone",2
1571.118,"Info","Arena",13,"Exit_Zone",2
1571.118,"Info","Arena",13,"Enter_Zone",4
1571.218,"Info","Arena",13,"Exit_Zone",4
1571.218,"Info","Arena",13,"Enter_Zone",2
1571.284,"Info","Arena",13,"Exit_Zone",2
1571.284,"Info","Arena",13,"Enter_Zone",4
1571.351,"Info","Arena",13,"Exit_Zone",4
1571.351,"Info","Arena",13,"Enter_Zone",2
1571.384,"Info","Arena",13,"Exit_Zone",2
1571.384,"Info","Arena",13,"Enter_Zone",4
1571.451,"Info","Arena",13,"Exit_Zone",4
1571.451,"Info","Arena",13,"Enter_Zone",2
1571.487,"Info","Arena",13,"Exit_Zone",2
1571.487,"Info","Arena",13,"Enter_Zone",4
1571.684,"Info","Arena",13,"Exit_Zone",4
1571.684,"Info","Arena",13,"Enter_Zone",2
1571.718,"Info","Arena",13,"Exit_Zone",2
1571.718,"Info","Arena",13,"Enter_Zone",4
1571.821,"Info","Arena",13,"Exit_Zone",4
1571.821,"Info","Arena",13,"Enter_Zone",2
1571.852,"Info","Arena",13,"Exit_Zone",2
1571.852,"Info","Arena",13,"Enter_Zone",4
1571.884,"Info","Arena",13,"Exit_Zone",4
1571.884,"Info","Arena",13,"Enter_Zone",2
1571.917,"Info","Arena",13,"Exit_Zone",2
1571.917,"Info","Arena",13,"Enter_Zone",4
1571.951,"Info","Arena",13,"Exit_Zone",4
1571.951,"Info","Arena",13,"Enter_Zone",2
1572.018,"Info","Arena",13,"Exit_Zone",2
1572.018,"Info","Arena",13,"Enter_Zone",4
1572.118,"Info","Arena",13,"Exit_Zone",4
1572.118,"Info","Arena",13,"Enter_Zone",2
1572.184,"Info","Arena",13,"Exit_Zone",2
1572.184,"Info","Arena",13,"Enter_Zone",4
1572.384,"Info","Arena",13,"Exit_Zone",4
1572.384,"Info","Arena",13,"Enter_Zone",2
1572.417,"Info","Arena",13,"Exit_Zone",2
1572.417,"Info","Arena",13,"Enter_Zone",4
1572.551,"Info","Arena",13,"Exit_Zone",4
1572.551,"Info","Arena",13,"Enter_Zone",2
1572.617,"Info","Arena",13,"Exit_Zone",2
1572.617,"Info","Arena",13,"Enter_Zone",4
1572.684,"Info","Arena",13,"Exit_Zone",4
1572.684,"Info","Arena",13,"Enter_Zone",2
1572.751,"Info","Arena",13,"Exit_Zone",2
1572.751,"Info","Arena",13,"Enter_Zone",4
1573.153,"Info","Arena",13,"Exit_Zone",4
1573.153,"Info","Arena",13,"Enter_Zone",2
1573.184,"Info","Arena",13,"Exit_Zone",2
1573.184,"Info","Arena",13,"Enter_Zone",4
1573.320,"Info","Arena",13,"Exit_Zone",4
1573.320,"Info","Arena",13,"Enter_Zone",2
1573.351,"Info","Arena",13,"Exit_Zone",2
1573.351,"Info","Arena",13,"Enter_Zone",4
1573.487,"Info","Arena",13,"Exit_Zone",4
1573.487,"Info","Arena",13,"Enter_Zone",2
1573.517,"Info","Arena",13,"Exit_Zone",2
1573.517,"Info","Arena",13,"Enter_Zone",4
1573.551,"Info","Arena",13,"Exit_Zone",4
1573.551,"Info","Arena",13,"Enter_Zone",2
1573.584,"Info","Arena",13,"Exit_Zone",2
1573.584,"Info","Arena",13,"Enter_Zone",4
1573.684,"Info","Arena",13,"Exit_Zone",4
1573.684,"Info","Arena",13,"Enter_Zone",2
1573.717,"Info","Arena",13,"Exit_Zone",2
1573.717,"Info","Arena",13,"Enter_Zone",4
1573.784,"Info","Arena",13,"Exit_Zone",4
1573.784,"Info","Arena",13,"Enter_Zone",2
1573.820,"Info","Arena",13,"Exit_Zone",2
1573.820,"Info","Arena",13,"Enter_Zone",4
1573.853,"Info","Arena",13,"Exit_Zone",4
1573.853,"Info","Arena",13,"Enter_Zone",2
1573.884,"Info","Arena",13,"Exit_Zone",2
1573.884,"Info","Arena",13,"Enter_Zone",4
1573.951,"Info","Arena",13,"Exit_Zone",4
1573.951,"Info","Arena",13,"Enter_Zone",2
1573.987,"Info","Arena",13,"Exit_Zone",2
1573.987,"Info","Arena",13,"Enter_Zone",4
1574.084,"Info","Arena",13,"Exit_Zone",4
1574.084,"Info","Arena",13,"Enter_Zone",2
1574.117,"Info","Arena",13,"Exit_Zone",2
1574.117,"Info","Arena",13,"Enter_Zone",4
1574.217,"Info","Arena",13,"Exit_Zone",4
1574.217,"Info","Arena",13,"Enter_Zone",2
1574.250,"Info","Arena",13,"Exit_Zone",2
1574.250,"Info","Arena",13,"Enter_Zone",4
1574.417,"Info","Arena",13,"Exit_Zone",4
1574.417,"Info","Arena",13,"Enter_Zone",2
1574.450,"Info","Arena",13,"Exit_Zone",2
1574.450,"Info","Arena",13,"Enter_Zone",4
1574.487,"Info","Arena",13,"Exit_Zone",4
1574.487,"Info","Arena",13,"Enter_Zone",2
1574.517,"Info","Arena",13,"Exit_Zone",2
1574.517,"Info","Arena",13,"Enter_Zone",4
1574.617,"Info","Arena",13,"Exit_Zone",4
1574.617,"Info","Arena",13,"Enter_Zone",2
1574.653,"Info","Arena",13,"Exit_Zone",2
1574.653,"Info","Arena",13,"Enter_Zone",4
1574.853,"Info","Arena",13,"Exit_Zone",4
1574.853,"Info","Arena",13,"Enter_Zone",2
1574.884,"Info","Arena",13,"Exit_Zone",2
1574.884,"Info","Arena",13,"Enter_Zone",4
1574.917,"Info","Arena",13,"Exit_Zone",4
1574.917,"Info","Arena",13,"Enter_Zone",2
1574.986,"Info","Arena",13,"Exit_Zone",2
1574.986,"Info","Arena",13,"Enter_Zone",4
1575.153,"Info","Arena",13,"Exit_Zone",4
1575.153,"Info","Arena",13,"Enter_Zone",2
1575.217,"Info","Arena",13,"Exit_Zone",2
1575.217,"Info","Arena",13,"Enter_Zone",4
1575.383,"Info","Arena",13,"Exit_Zone",4
1575.383,"Info","Arena",13,"Enter_Zone",2
1575.417,"Info","Arena",13,"Exit_Zone",2
1575.417,"Info","Arena",13,"Enter_Zone",4
1575.450,"Info","Arena",13,"Exit_Zone",4
1575.450,"Info","Arena",13,"Enter_Zone",2
1575.486,"Info","Arena",13,"Exit_Zone",2
1575.486,"Info","Arena",13,"Enter_Zone",4
1575.717,"Info","Arena",13,"Exit_Zone",4
1575.717,"Info","Arena",13,"Enter_Zone",2
1575.750,"Info","Arena",13,"Exit_Zone",2
1575.750,"Info","Arena",13,"Enter_Zone",4
1575.883,"Info","Arena",13,"Exit_Zone",4
1575.883,"Info","Arena",13,"Enter_Zone",2
1575.917,"Info","Arena",13,"Exit_Zone",2
1575.917,"Info","Arena",13,"Enter_Zone",4
1576.153,"Info","Arena",13,"Exit_Zone",4
1576.153,"Info","Arena",13,"Enter_Zone",2
1576.183,"Info","Arena",13,"Exit_Zone",2
1576.183,"Info","Arena",13,"Enter_Zone",4
1576.217,"Info","Arena",13,"Exit_Zone",4
1576.217,"Info","Arena",13,"Enter_Zone",2
1576.251,"Info","Arena",13,"Exit_Zone",2
1576.251,"Info","Arena",13,"Enter_Zone",4
1576.417,"Info","Arena",13,"Exit_Zone",4
1576.417,"Info","Arena",13,"Enter_Zone",2
1576.451,"Info","Arena",13,"Exit_Zone",2
1576.451,"Info","Arena",13,"Enter_Zone",4
1576.617,"Info","Arena",13,"Exit_Zone",4
1576.617,"Info","Arena",13,"Enter_Zone",2
1576.717,"Info","Arena",13,"Exit_Zone",2
1576.717,"Info","Arena",13,"Enter_Zone",4
1576.783,"Info","Arena",13,"Exit_Zone",4
1576.783,"Info","Arena",13,"Enter_Zone",2
1576.853,"Info","Arena",13,"Exit_Zone",2
1576.853,"Info","Arena",13,"Enter_Zone",4
1576.950,"Info","Arena",13,"Exit_Zone",4
1576.950,"Info","Arena",13,"Enter_Zone",2
1576.986,"Info","Arena",13,"Exit_Zone",2
1576.986,"Info","Arena",13,"Enter_Zone",4
1577.050,"Info","Arena",13,"Exit_Zone",4
1577.050,"Info","Arena",13,"Enter_Zone",2
1577.083,"Info","Arena",13,"Exit_Zone",2
1577.083,"Info","Arena",13,"Enter_Zone",4
1577.283,"Info","Arena",13,"Exit_Zone",4
1577.283,"Info","Arena",13,"Enter_Zone",2
1577.350,"Info","Arena",13,"Exit_Zone",2
1577.350,"Info","Arena",13,"Enter_Zone",4
1577.716,"Info","Arena",13,"Exit_Zone",4
1577.716,"Info","Arena",13,"Enter_Zone",2
1577.750,"Info","Arena",13,"Exit_Zone",2
1577.750,"Info","Arena",13,"Enter_Zone",4
1577.819,"Info","Arena",13,"Exit_Zone",4
1577.819,"Info","Arena",13,"Enter_Zone",2
1577.853,"Info","Arena",13,"Exit_Zone",2
1577.853,"Info","Arena",13,"Enter_Zone",4
1578.152,"Info","Arena",13,"Exit_Zone",4
1578.152,"Info","Arena",13,"Enter_Zone",2
1578.183,"Info","Arena",13,"Exit_Zone",2
1578.183,"Info","Arena",13,"Enter_Zone",4
1578.319,"Info","Arena",13,"Exit_Zone",4
1578.319,"Info","Arena",13,"Enter_Zone",2
1578.350,"Info","Arena",13,"Exit_Zone",2
1578.350,"Info","Arena",13,"Enter_Zone",4
1578.383,"Info","Arena",13,"Exit_Zone",4
1578.383,"Info","Arena",13,"Enter_Zone",2
1578.417,"Info","Arena",13,"Exit_Zone",2
1578.417,"Info","Arena",13,"Enter_Zone",4
1578.716,"Info","Arena",13,"Exit_Zone",4
1578.716,"Info","Arena",13,"Enter_Zone",2
1578.883,"Info","Arena",13,"Exit_Zone",2
1578.883,"Info","Arena",13,"Enter_Zone",4
1578.916,"Info","Arena",13,"Exit_Zone",4
1578.916,"Info","Arena",13,"Enter_Zone",2
1578.949,"Info","Arena",13,"Exit_Zone",2
1578.949,"Info","Arena",13,"Enter_Zone",4
1578.986,"Info","Arena",13,"Exit_Zone",4
1578.986,"Info","Arena",13,"Enter_Zone",2
1579.016,"Info","Arena",13,"Exit_Zone",2
1579.016,"Info","Arena",13,"Enter_Zone",4
1579.050,"Info","Arena",13,"Exit_Zone",4
1579.050,"Info","Arena",13,"Enter_Zone",2
1582.049,"Info","Arena",13,"Exit_Zone",2
1582.049,"Info","Arena",13,"Enter_Zone",4
1582.082,"Info","Arena",13,"Exit_Zone",4
1582.082,"Info","Arena",13,"Enter_Zone",2
1582.985,"Info","Arena",13,"Exit_Zone",2
1582.985,"Info","Arena",13,"Enter_Zone",4
1583.016,"Info","Arena",13,"Exit_Zone",4
1583.016,"Info","Arena",13,"Enter_Zone",2
1583.182,"Info","Arena",13,"Exit_Zone",2
1583.182,"Info","Arena",13,"Enter_Zone",4
1583.215,"Info","Arena",13,"Exit_Zone",4
1583.215,"Info","Arena",13,"Enter_Zone",2
1583.282,"Info","Arena",13,"Exit_Zone",2
1583.282,"Info","Arena",13,"Enter_Zone",4
1583.349,"Info","Arena",13,"Exit_Zone",4
1583.349,"Info","Arena",13,"Enter_Zone",2
1583.382,"Info","Arena",13,"Exit_Zone",2
1583.382,"Info","Arena",13,"Enter_Zone",4
1583.415,"Info","Arena",13,"Exit_Zone",4
1583.415,"Info","Arena",13,"Enter_Zone",2
1583.515,"Info","Arena",13,"Exit_Zone",2
1583.515,"Info","Arena",13,"Enter_Zone",4
1583.549,"Info","Arena",13,"Exit_Zone",4
1583.549,"Info","Arena",13,"Enter_Zone",2
1583.882,"Info","Arena",13,"Exit_Zone",2
1583.882,"Info","Arena",13,"Enter_Zone",4
1583.915,"Info","Arena",13,"Exit_Zone",4
1583.915,"Info","Arena",13,"Enter_Zone",2
1583.949,"Info","Arena",13,"Exit_Zone",2
1583.949,"Info","Arena",13,"Enter_Zone",4
1584.082,"Info","Arena",13,"Exit_Zone",4
1584.082,"Info","Arena",13,"Enter_Zone",2
1584.151,"Info","Arena",13,"Exit_Zone",2
1584.151,"Info","Arena",13,"Enter_Zone",4
1584.182,"Info","Arena",13,"Exit_Zone",4
1584.182,"Info","Arena",13,"Enter_Zone",2
1584.215,"Info","Arena",13,"Exit_Zone",2
1584.215,"Info","Arena",13,"Enter_Zone",4
1584.249,"Info","Arena",1,"Exit_Zone",4
1584.249,"Info","Arena",1,"Enter_Zone",2
1584.282,"Info","Arena",13,"Exit_Zone",4
1584.282,"Info","Arena",13,"Enter_Zone",2
1584.318,"Info","Arena",1,"Exit_Zone",2
1584.318,"Info","Arena",1,"Enter_Zone",4
1584.318,"Info","Arena",13,"Exit_Zone",2
1584.318,"Info","Arena",13,"Enter_Zone",4
1584.349,"Info","Arena",1,"Exit_Zone",4
1584.349,"Info","Arena",1,"Enter_Zone",2
1584.382,"Info","Arena",1,"Exit_Zone",2
1584.382,"Info","Arena",1,"Enter_Zone",4
1584.382,"Info","Arena",13,"Exit_Zone",4
1584.382,"Info","Arena",13,"Enter_Zone",2
1584.415,"Info","Arena",13,"Exit_Zone",2
1584.415,"Info","Arena",13,"Enter_Zone",4
1584.448,"Info","Arena",1,"Exit_Zone",4
1584.448,"Info","Arena",1,"Enter_Zone",2
1584.485,"Info","Arena",1,"Exit_Zone",2
1584.485,"Info","Arena",1,"Enter_Zone",4
1584.651,"Info","Arena",13,"Exit_Zone",4
1584.651,"Info","Arena",13,"Enter_Zone",2
1584.715,"Info","Arena",13,"Exit_Zone",2
1584.715,"Info","Arena",13,"Enter_Zone",4
1584.818,"Info","Arena",13,"Exit_Zone",4
1584.818,"Info","Arena",13,"Enter_Zone",2
1584.853,"Info","Arena",13,"Exit_Zone",2
1584.853,"Info","Arena",13,"Enter_Zone",4
1584.915,"Info","Arena",13,"Exit_Zone",4
1584.915,"Info","Arena",13,"Enter_Zone",2
1584.984,"Info","Arena",13,"Exit_Zone",2
1584.984,"Info","Arena",13,"Enter_Zone",4
1585.182,"Info","Arena",13,"Exit_Zone",4
1585.182,"Info","Arena",13,"Enter_Zone",2
1585.215,"Info","Arena",13,"Exit_Zone",2
1585.215,"Info","Arena",13,"Enter_Zone",4
1585.715,"Info","Arena",13,"Exit_Zone",4
1585.715,"Info","Arena",13,"Enter_Zone",2
1585.748,"Info","Arena",13,"Exit_Zone",2
1585.748,"Info","Arena",13,"Enter_Zone",4
1586.115,"Info","Arena",13,"Exit_Zone",4
1586.115,"Info","Arena",13,"Enter_Zone",2
1586.151,"Info","Arena",13,"Exit_Zone",2
1586.151,"Info","Arena",13,"Enter_Zone",4
1600.612,"Info","Arena",13,"Exit_Zone",4
1600.612,"Info","Arena",13,"Enter_Zone",2
1600.648,"Info","Arena",13,"Exit_Zone",2
1600.648,"Info","Arena",13,"Enter_Zone",4
1600.679,"Info","Arena",13,"Exit_Zone",4
1600.679,"Info","Arena",13,"Enter_Zone",2
1600.779,"Info","Arena",13,"Exit_Zone",2
1600.779,"Info","Arena",13,"Enter_Zone",4
1600.815,"Info","Arena",13,"Exit_Zone",4
1600.815,"Info","Arena",13,"Enter_Zone",2
1601.079,"Info","Arena",13,"Exit_Zone",2
1601.079,"Info","Arena",13,"Enter_Zone",4
1601.112,"Info","Arena",13,"Exit_Zone",4
1601.112,"Info","Arena",13,"Enter_Zone",2
1601.179,"Info","Arena",13,"Exit_Zone",2
1601.179,"Info","Arena",13,"Enter_Zone",4
1601.212,"Info","Arena",13,"Exit_Zone",4
1601.212,"Info","Arena",13,"Enter_Zone",2
1601.278,"Info","Arena",13,"Exit_Zone",2
1601.278,"Info","Arena",13,"Enter_Zone",4
1601.315,"Info","Arena",13,"Exit_Zone",4
1601.315,"Info","Arena",13,"Enter_Zone",2
1601.512,"Info","Arena",13,"Exit_Zone",2
1601.512,"Info","Arena",13,"Enter_Zone",4
1601.578,"Info","Arena",13,"Exit_Zone",4
1601.578,"Info","Arena",13,"Enter_Zone",2
1601.612,"Info","Arena",13,"Exit_Zone",2
1601.612,"Info","Arena",13,"Enter_Zone",4
1601.712,"Info","Arena",13,"Exit_Zone",4
1601.712,"Info","Arena",13,"Enter_Zone",2
1601.853,"Info","Arena",13,"Exit_Zone",2
1601.853,"Info","Arena",13,"Enter_Zone",4
1601.912,"Info","Arena",13,"Exit_Zone",4
1601.912,"Info","Arena",13,"Enter_Zone",2
1602.012,"Info","Arena",13,"Exit_Zone",2
1602.012,"Info","Arena",13,"Enter_Zone",4
1602.045,"Info","Arena",13,"Exit_Zone",4
1602.045,"Info","Arena",13,"Enter_Zone",2
1602.078,"Info","Arena",13,"Exit_Zone",2
1602.078,"Info","Arena",13,"Enter_Zone",4
1602.112,"Info","Arena",13,"Exit_Zone",4
1602.112,"Info","Arena",13,"Enter_Zone",2
1602.148,"Info","Arena",13,"Exit_Zone",2
1602.148,"Info","Arena",13,"Enter_Zone",4
1602.278,"Info","Arena",13,"Exit_Zone",4
1602.278,"Info","Arena",13,"Enter_Zone",2
1602.314,"Info","Arena",13,"Exit_Zone",2
1602.314,"Info","Arena",13,"Enter_Zone",4
1602.378,"Info","Arena",13,"Exit_Zone",4
1602.378,"Info","Arena",13,"Enter_Zone",2
1602.445,"Info","Arena",13,"Exit_Zone",2
1602.445,"Info","Arena",13,"Enter_Zone",4
1603.012,"Info","Arena",13,"Exit_Zone",4
1603.012,"Info","Arena",13,"Enter_Zone",2
1603.045,"Info","Arena",13,"Exit_Zone",2
1603.045,"Info","Arena",13,"Enter_Zone",4
1603.148,"Info","Arena",13,"Exit_Zone",4
1603.148,"Info","Arena",13,"Enter_Zone",2
1603.178,"Info","Arena",13,"Exit_Zone",2
1603.178,"Info","Arena",13,"Enter_Zone",4
1603.481,"Info","Arena",13,"Exit_Zone",4
1603.481,"Info","Arena",13,"Enter_Zone",2
1603.511,"Info","Arena",13,"Exit_Zone",2
1603.511,"Info","Arena",13,"Enter_Zone",4
1603.648,"Info","Arena",13,"Exit_Zone",4
1603.648,"Info","Arena",13,"Enter_Zone",2
1603.678,"Info","Arena",13,"Exit_Zone",2
1603.678,"Info","Arena",13,"Enter_Zone",4
1603.878,"Info","Arena",13,"Exit_Zone",4
1603.878,"Info","Arena",13,"Enter_Zone",2
1603.911,"Info","Arena",13,"Exit_Zone",2
1603.911,"Info","Arena",13,"Enter_Zone",4
1604.378,"Info","Arena",13,"Exit_Zone",4
1604.378,"Info","Arena",13,"Enter_Zone",2
1604.411,"Info","Arena",13,"Exit_Zone",2
1604.411,"Info","Arena",13,"Enter_Zone",4
1604.711,"Info","Arena",13,"Exit_Zone",4
1604.711,"Info","Arena",13,"Enter_Zone",2
1604.745,"Info","Arena",13,"Exit_Zone",2
1604.745,"Info","Arena",13,"Enter_Zone",4
1605.944,"Info","Arena",13,"Exit_Zone",4
1605.944,"Info","Arena",13,"Enter_Zone",2
1605.981,"Info","Arena",13,"Exit_Zone",2
1605.981,"Info","Arena",13,"Enter_Zone",4
1606.480,"Info","Arena",13,"Exit_Zone",4
1606.480,"Info","Arena",13,"Enter_Zone",2
1606.511,"Info","Arena",13,"Exit_Zone",2
1606.511,"Info","Arena",13,"Enter_Zone",4
1606.980,"Info","Arena",13,"Exit_Zone",4
1606.980,"Info","Arena",13,"Enter_Zone",2
1607.011,"Info","Arena",13,"Exit_Zone",2
1607.011,"Info","Arena",13,"Enter_Zone",4
1607.744,"Info","Arena",13,"Exit_Zone",4
1607.744,"Info","Arena",13,"Enter_Zone",2
1607.777,"Info","Arena",13,"Exit_Zone",2
1607.777,"Info","Arena",13,"Enter_Zone",4
1607.853,"Info","Arena",13,"Exit_Zone",4
1607.853,"Info","Arena",13,"Enter_Zone",2
1608.044,"Info","Arena",13,"Exit_Zone",2
1608.044,"Info","Arena",13,"Enter_Zone",4
1608.077,"Info","Arena",13,"Exit_Zone",4
1608.077,"Info","Arena",13,"Enter_Zone",2
1608.177,"Info","Arena",13,"Exit_Zone",2
1608.177,"Info","Arena",13,"Enter_Zone",4
1608.244,"Info","Arena",13,"Exit_Zone",4
1608.244,"Info","Arena",13,"Enter_Zone",2
1608.277,"Info","Arena",13,"Exit_Zone",2
1608.277,"Info","Arena",13,"Enter_Zone",4
1608.344,"Info","Arena",13,"Exit_Zone",4
1608.344,"Info","Arena",13,"Enter_Zone",2
1608.377,"Info","Arena",13,"Exit_Zone",2
1608.377,"Info","Arena",13,"Enter_Zone",4
1608.853,"Info","Arena",13,"Exit_Zone",4
1608.853,"Info","Arena",13,"Enter_Zone",2
1608.877,"Info","Arena",13,"Exit_Zone",2
1608.877,"Info","Arena",13,"Enter_Zone",4
1621.811,"Info","Arena",13,"Exit_Zone",4
1621.811,"Info","Arena",13,"Enter_Zone",2
1621.841,"Info","Arena",13,"Exit_Zone",2
1621.841,"Info","Arena",13,"Enter_Zone",4
1621.875,"Info","Arena",13,"Exit_Zone",4
1621.875,"Info","Arena",13,"Enter_Zone",2
1621.908,"Info","Arena",13,"Exit_Zone",2
1621.908,"Info","Arena",13,"Enter_Zone",4
1622.008,"Info","Arena",13,"Exit_Zone",4
1622.008,"Info","Arena",13,"Enter_Zone",2
1622.041,"Info","Arena",13,"Exit_Zone",2
1622.041,"Info","Arena",13,"Enter_Zone",4
1622.374,"Info","Arena",13,"Exit_Zone",4
1622.374,"Info","Arena",13,"Enter_Zone",2
1624.674,"Info","Arena",13,"Exit_Zone",2
1624.674,"Info","Arena",13,"Enter_Zone",4
1628.976,"Info","Arena",6,"Exit_Zone",3
1628.976,"Info","Arena",6,"Enter_Zone",4
1629.007,"Info","Arena",6,"Exit_Zone",4
1629.007,"Info","Arena",6,"Enter_Zone",3
1629.073,"Info","Arena",6,"Exit_Zone",3
1629.073,"Info","Arena",6,"Enter_Zone",4
1629.476,"Info","Arena",6,"Exit_Zone",4
1629.476,"Info","Arena",6,"Enter_Zone",3
1629.740,"Info","Arena",6,"Exit_Zone",3
1629.740,"Info","Arena",6,"Enter_Zone",4
1629.773,"Info","Arena",6,"Exit_Zone",4
1629.773,"Info","Arena",6,"Enter_Zone",3
1630.439,"Info","Arena",6,"Exit_Zone",3
1630.439,"Info","Arena",6,"Enter_Zone",4
1630.476,"Info","Arena",6,"Exit_Zone",4
1630.476,"Info","Arena",6,"Enter_Zone",3
1630.506,"Info","Arena",6,"Exit_Zone",3
1630.506,"Info","Arena",6,"Enter_Zone",4
1630.642,"Info","Arena",6,"Exit_Zone",4
1630.642,"Info","Arena",6,"Enter_Zone",3
1634.039,"Info","Arena",6,"Exit_Zone",3
1634.039,"Info","Arena",6,"Enter_Zone",4
1634.072,"Info","Arena",6,"Exit_Zone",4
1634.072,"Info","Arena",6,"Enter_Zone",3
1634.272,"Info","Arena",6,"Exit_Zone",3
1634.272,"Info","Arena",6,"Enter_Zone",4
1634.308,"Info","Arena",6,"Exit_Zone",4
1634.308,"Info","Arena",6,"Enter_Zone",3
1643.140,"Info","Arena",2,"Exit_Zone",1
1643.140,"Info","Arena",2,"Enter_Zone",4
1645.537,"Info","Arena",6,"Exit_Zone",3
1645.537,"Info","Arena",6,"Enter_Zone",4
1645.973,"Info","Arena",6,"Exit_Zone",4
1645.973,"Info","Arena",6,"Enter_Zone",3
1646.003,"Info","Arena",6,"Exit_Zone",3
1646.003,"Info","Arena",6,"Enter_Zone",4
1646.170,"Info","Arena",6,"Exit_Zone",4
1646.170,"Info","Arena",6,"Enter_Zone",3
1646.203,"Info","Arena",6,"Exit_Zone",3
1646.203,"Info","Arena",6,"Enter_Zone",4
1663.866,"Info","Arena",15,"Exit_Zone",2
1663.866,"Info","Arena",15,"Enter_Zone",4
1672.599,"Info","Arena",3,"Exit_Zone",1
1672.599,"Info","Arena",3,"Enter_Zone",4
1681.896,"Info","Arena",3,"Exit_Zone",4
1681.896,"Info","Arena",3,"Enter_Zone",1
1682.863,"Info","Arena",13,"Exit_Zone",4
1682.863,"Info","Arena",13,"Enter_Zone",2
1686.965,"Info","Arena",3,"Exit_Zone",1
1686.965,"Info","Arena",3,"Enter_Zone",4
1686.995,"Info","Arena",3,"Exit_Zone",4
1686.995,"Info","Arena",3,"Enter_Zone",1
1687.762,"Info","Arena",3,"Exit_Zone",1
1687.762,"Info","Arena",3,"Enter_Zone",4
1687.798,"Info","Arena",3,"Exit_Zone",4
1687.798,"Info","Arena",3,"Enter_Zone",1
1687.965,"Info","Arena",3,"Exit_Zone",1
1687.965,"Info","Arena",3,"Enter_Zone",4
1688.062,"Info","Arena",3,"Exit_Zone",4
1688.062,"Info","Arena",3,"Enter_Zone",1
1688.095,"Info","Arena",3,"Exit_Zone",1
1688.095,"Info","Arena",3,"Enter_Zone",4
1688.162,"Info","Arena",3,"Exit_Zone",4
1688.162,"Info","Arena",3,"Enter_Zone",1
1688.195,"Info","Arena",3,"Exit_Zone",1
1688.195,"Info","Arena",3,"Enter_Zone",4
1688.228,"Info","Arena",3,"Exit_Zone",4
1688.228,"Info","Arena",3,"Enter_Zone",1
1688.262,"Info","Arena",3,"Exit_Zone",1
1688.262,"Info","Arena",3,"Enter_Zone",4
1689.228,"Info","Arena",6,"Exit_Zone",4
1689.228,"Info","Arena",6,"Enter_Zone",3
1689.261,"Info","Arena",6,"Exit_Zone",3
1689.261,"Info","Arena",6,"Enter_Zone",4
1689.661,"Info","Arena",6,"Exit_Zone",4
1689.661,"Info","Arena",6,"Enter_Zone",3
1689.798,"Info","Arena",6,"Exit_Zone",3
1689.798,"Info","Arena",6,"Enter_Zone",4
1689.828,"Info","Arena",6,"Exit_Zone",4
1689.828,"Info","Arena",6,"Enter_Zone",3
1689.861,"Info","Arena",6,"Exit_Zone",3
1689.861,"Info","Arena",6,"Enter_Zone",4
1689.895,"Info","Arena",6,"Exit_Zone",4
1689.895,"Info","Arena",6,"Enter_Zone",3
1689.964,"Info","Arena",6,"Exit_Zone",3
1689.964,"Info","Arena",6,"Enter_Zone",4
1689.995,"Info","Arena",6,"Exit_Zone",4
1689.995,"Info","Arena",6,"Enter_Zone",3
1690.528,"Info","Arena",6,"Exit_Zone",3
1690.528,"Info","Arena",6,"Enter_Zone",4
1690.561,"Info","Arena",6,"Exit_Zone",4
1690.561,"Info","Arena",6,"Enter_Zone",3
1691.161,"Info","Arena",6,"Exit_Zone",3
1691.161,"Info","Arena",6,"Enter_Zone",4
1691.194,"Info","Arena",6,"Exit_Zone",4
1691.194,"Info","Arena",6,"Enter_Zone",3
1691.528,"Info","Arena",6,"Exit_Zone",3
1691.528,"Info","Arena",6,"Enter_Zone",4
1691.594,"Info","Arena",6,"Exit_Zone",4
1691.594,"Info","Arena",6,"Enter_Zone",3
1691.728,"Info","Arena",6,"Exit_Zone",3
1691.728,"Info","Arena",6,"Enter_Zone",4
1691.761,"Info","Arena",6,"Exit_Zone",4
1691.761,"Info","Arena",6,"Enter_Zone",3
1691.928,"Info","Arena",6,"Exit_Zone",3
1691.928,"Info","Arena",6,"Enter_Zone",4
1691.963,"Info","Arena",6,"Exit_Zone",4
1691.963,"Info","Arena",6,"Enter_Zone",3
1692.027,"Info","Arena",6,"Exit_Zone",3
1692.027,"Info","Arena",6,"Enter_Zone",4
1692.061,"Info","Arena",6,"Exit_Zone",4
1692.061,"Info","Arena",6,"Enter_Zone",3
1692.094,"Info","Arena",6,"Exit_Zone",3
1692.094,"Info","Arena",6,"Enter_Zone",4
1692.130,"Info","Arena",6,"Exit_Zone",4
1692.130,"Info","Arena",6,"Enter_Zone",3
1692.194,"Info","Arena",6,"Exit_Zone",3
1692.194,"Info","Arena",6,"Enter_Zone",4
1692.228,"Info","Arena",6,"Exit_Zone",4
1692.228,"Info","Arena",6,"Enter_Zone",3
1692.261,"Info","Arena",6,"Exit_Zone",3
1692.261,"Info","Arena",6,"Enter_Zone",4
1692.297,"Info","Arena",6,"Exit_Zone",4
1692.297,"Info","Arena",6,"Enter_Zone",3
1692.361,"Info","Arena",6,"Exit_Zone",3
1692.361,"Info","Arena",6,"Enter_Zone",4
1692.727,"Info","Arena",3,"Exit_Zone",4
1692.727,"Info","Arena",3,"Enter_Zone",1
1693.463,"Info","Arena",6,"Exit_Zone",4
1693.463,"Info","Arena",6,"Enter_Zone",3
1693.494,"Info","Arena",6,"Exit_Zone",3
1693.494,"Info","Arena",6,"Enter_Zone",4
1702.925,"Info","Arena",3,"Exit_Zone",1
1702.925,"Info","Arena",3,"Enter_Zone",4
1706.091,"Info","Arena",3,"Exit_Zone",4
1706.091,"Info","Arena",3,"Enter_Zone",1
1707.091,"Info","Arena",6,"Exit_Zone",4
1707.091,"Info","Arena",6,"Enter_Zone",3
1707.128,"Info","Arena",6,"Exit_Zone",3
1707.128,"Info","Arena",6,"Enter_Zone",4
1707.225,"Info","Arena",6,"Exit_Zone",4
1707.225,"Info","Arena",6,"Enter_Zone",3
1707.258,"Info","Arena",6,"Exit_Zone",3
1707.258,"Info","Arena",6,"Enter_Zone",4
1708.058,"Info","Arena",6,"Exit_Zone",4
1708.058,"Info","Arena",6,"Enter_Zone",3
1708.091,"Info","Arena",6,"Exit_Zone",3
1708.091,"Info","Arena",6,"Enter_Zone",4
1708.127,"Info","Arena",6,"Exit_Zone",4
1708.127,"Info","Arena",6,"Enter_Zone",3
1708.158,"Info","Arena",6,"Exit_Zone",3
1708.158,"Info","Arena",6,"Enter_Zone",4
1708.191,"Info","Arena",6,"Exit_Zone",4
1708.191,"Info","Arena",6,"Enter_Zone",3
1708.424,"Info","Arena",6,"Exit_Zone",3
1708.424,"Info","Arena",6,"Enter_Zone",4
1708.724,"Info","Arena",6,"Exit_Zone",4
1708.724,"Info","Arena",6,"Enter_Zone",3
1708.758,"Info","Arena",6,"Exit_Zone",3
1708.758,"Info","Arena",6,"Enter_Zone",4
1709.991,"Info","Arena",13,"Exit_Zone",2
1709.991,"Info","Arena",13,"Enter_Zone",4
1710.460,"Info","Arena",13,"Exit_Zone",4
1710.460,"Info","Arena",13,"Enter_Zone",2
1710.824,"Info","Arena",13,"Exit_Zone",2
1710.824,"Info","Arena",13,"Enter_Zone",4
1710.857,"Info","Arena",13,"Exit_Zone",4
1710.857,"Info","Arena",13,"Enter_Zone",2
1710.960,"Info","Arena",13,"Exit_Zone",2
1710.960,"Info","Arena",13,"Enter_Zone",4
1711.657,"Info","Arena",3,"Exit_Zone",1
1711.657,"Info","Arena",3,"Enter_Zone",4
1711.691,"Info","Arena",3,"Exit_Zone",4
1711.691,"Info","Arena",3,"Enter_Zone",1
1711.724,"Info","Arena",3,"Exit_Zone",1
1711.724,"Info","Arena",3,"Enter_Zone",4
1712.890,"Info","Arena",6,"Exit_Zone",4
1712.890,"Info","Arena",6,"Enter_Zone",3
1712.923,"Info","Arena",6,"Exit_Zone",3
1712.923,"Info","Arena",6,"Enter_Zone",4
1713.126,"Info","Arena",6,"Exit_Zone",4
1713.126,"Info","Arena",6,"Enter_Zone",3
1713.157,"Info","Arena",6,"Exit_Zone",3
1713.157,"Info","Arena",6,"Enter_Zone",4
1713.293,"Info","Arena",6,"Exit_Zone",4
1713.293,"Info","Arena",6,"Enter_Zone",3
1713.690,"Info","Arena",13,"Exit_Zone",4
1713.690,"Info","Arena",13,"Enter_Zone",2
1713.723,"Info","Arena",6,"Exit_Zone",3
1713.723,"Info","Arena",6,"Enter_Zone",4
1713.723,"Info","Arena",13,"Exit_Zone",2
1713.723,"Info","Arena",13,"Enter_Zone",4
1713.757,"Info","Arena",13,"Exit_Zone",4
1713.757,"Info","Arena",13,"Enter_Zone",2
1718.056,"Info","Arena",3,"Exit_Zone",4
1718.056,"Info","Arena",3,"Enter_Zone",1
1728.487,"Info","Arena",3,"Exit_Zone",1
1728.487,"Info","Arena",3,"Enter_Zone",4
1728.520,"Info","Arena",3,"Exit_Zone",4
1728.520,"Info","Arena",3,"Enter_Zone",1
1728.820,"Info","Arena",3,"Exit_Zone",1
1728.820,"Info","Arena",3,"Enter_Zone",4
1728.854,"Info","Arena",3,"Exit_Zone",4
1728.854,"Info","Arena",3,"Enter_Zone",1
1729.054,"Info","Arena",3,"Exit_Zone",1
1729.054,"Info","Arena",3,"Enter_Zone",4
1729.087,"Info","Arena",3,"Exit_Zone",4
1729.087,"Info","Arena",3,"Enter_Zone",1
1729.220,"Info","Arena",3,"Exit_Zone",1
1729.220,"Info","Arena",3,"Enter_Zone",4
1729.254,"Info","Arena",3,"Exit_Zone",4
1729.254,"Info","Arena",3,"Enter_Zone",1
1729.654,"Info","Arena",3,"Exit_Zone",1
1729.654,"Info","Arena",3,"Enter_Zone",4
1729.687,"Info","Arena",3,"Exit_Zone",4
1729.687,"Info","Arena",3,"Enter_Zone",1
1730.053,"Info","Arena",3,"Exit_Zone",1
1730.053,"Info","Arena",3,"Enter_Zone",4
1730.087,"Info","Arena",3,"Exit_Zone",4
1730.087,"Info","Arena",3,"Enter_Zone",1
1730.254,"Info","Arena",13,"Exit_Zone",2
1730.254,"Info","Arena",13,"Enter_Zone",4
1749.786,"Info","Arena",6,"Exit_Zone",4
1749.786,"Info","Arena",6,"Enter_Zone",3
1749.817,"Info","Arena",6,"Exit_Zone",3
1749.817,"Info","Arena",6,"Enter_Zone",4
1750.016,"Info","Arena",6,"Exit_Zone",4
1750.016,"Info","Arena",6,"Enter_Zone",3
1750.083,"Info","Arena",6,"Exit_Zone",3
1750.083,"Info","Arena",6,"Enter_Zone",4
1750.853,"Info","Arena",6,"Exit_Zone",4
1750.853,"Info","Arena",6,"Enter_Zone",3
1750.952,"Info","Arena",6,"Exit_Zone",3
1750.952,"Info","Arena",6,"Enter_Zone",4
1750.983,"Info","Arena",6,"Exit_Zone",4
1750.983,"Info","Arena",6,"Enter_Zone",3
1766.080,"Info","Arena",13,"Exit_Zone",4
1766.080,"Info","Arena",13,"Enter_Zone",2
1787.509,"Info","Arena",2,"Exit_Zone",4
1787.509,"Info","Arena",2,"Enter_Zone",1
1834.603,"Info","Arena",6,"Exit_Zone",3
1834.603,"Info","Arena",6,"Enter_Zone",4
1834.633,"Info","Arena",6,"Exit_Zone",4
1834.633,"Info","Arena",6,"Enter_Zone",3
1950.544,"Info","Arena",6,"Exit_Zone",3
1950.544,"Info","Arena",6,"Enter_Zone",4
1998.301,"Info","Arena",3,"Exit_Zone",1
1998.301,"Info","Arena",3,"Enter_Zone",4
2029.662,"Info","Arena",6,"Exit_Zone",4
2029.662,"Info","Arena",6,"Enter_Zone",3
2212.426,"Info","Arena",12,"Exit_Zone",1
2212.426,"Info","Arena",12,"Enter_Zone",4
2312.874,"Info","Arena",15,"Exit_Zone",4
2312.874,"Info","Arena",15,"Enter_Zone",1
2349.800,"Info","Arena",15,"Exit_Zone",1
2349.800,"Info","Arena",15,"Enter_Zone",4
2365.630,"Info","Arena",15,"Exit_Zone",4
2365.630,"Info","Arena",15,"Enter_Zone",2
2379.527,"Info","Arena",8,"Exit_Zone",4
2379.527,"Info","Arena",8,"Enter_Zone",1
2380.094,"Info","Arena",8,"Exit_Zone",1
2380.094,"Info","Arena",8,"Enter_Zone",4
2380.262,"Info","Arena",8,"Exit_Zone",4
2380.262,"Info","Arena",8,"Enter_Zone",1
2380.331,"Info","Arena",8,"Exit_Zone",1
2380.331,"Info","Arena",8,"Enter_Zone",4
2380.427,"Info","Arena",8,"Exit_Zone",4
2380.427,"Info","Arena",8,"Enter_Zone",1
2380.527,"Info","Arena",8,"Exit_Zone",1
2380.527,"Info","Arena",8,"Enter_Zone",4
2380.663,"Info","Arena",8,"Exit_Zone",4
2380.663,"Info","Arena",8,"Enter_Zone",1
2380.694,"Info","Arena",8,"Exit_Zone",1
2380.694,"Info","Arena",8,"Enter_Zone",4
2380.727,"Info","Arena",8,"Exit_Zone",4
2380.727,"Info","Arena",8,"Enter_Zone",1
2380.830,"Info","Arena",8,"Exit_Zone",1
2380.830,"Info","Arena",8,"Enter_Zone",4
2380.860,"Info","Arena",8,"Exit_Zone",4
2380.860,"Info","Arena",8,"Enter_Zone",1
2381.093,"Info","Arena",8,"Exit_Zone",1
2381.093,"Info","Arena",8,"Enter_Zone",4
2381.163,"Info","Arena",8,"Exit_Zone",4
2381.163,"Info","Arena",8,"Enter_Zone",1
2381.260,"Info","Arena",8,"Exit_Zone",1
2381.260,"Info","Arena",8,"Enter_Zone",4
2381.293,"Info","Arena",8,"Exit_Zone",4
2381.293,"Info","Arena",8,"Enter_Zone",1
2381.330,"Info","Arena",8,"Exit_Zone",1
2381.330,"Info","Arena",8,"Enter_Zone",4
2381.360,"Info","Arena",8,"Exit_Zone",4
2381.360,"Info","Arena",8,"Enter_Zone",1
2381.393,"Info","Arena",8,"Exit_Zone",1
2381.393,"Info","Arena",8,"Enter_Zone",4
2381.496,"Info","Arena",8,"Exit_Zone",4
2381.496,"Info","Arena",8,"Enter_Zone",1
2390.425,"Info","Arena",8,"Exit_Zone",1
2390.425,"Info","Arena",8,"Enter_Zone",4
""
"","","","","A1_ZONE1","A1_ZONE2","A1_ZONE3","A2_ZONE1","A2_ZONE2","A2_ZONE3","A3_ZONE1","A3_ZONE2","A3_ZONE3","A4_ZONE1","A4_ZONE2","A4_ZONE3","A5_ZONE1","A5_ZONE2","A5_ZONE3","A6_ZONE1","A6_ZONE2","A6_ZONE3","A7_ZONE1","A7_ZONE2","A7_ZONE3","A8_ZONE1","A8_ZONE2","A8_ZONE3","A9_ZONE1","A9_ZONE2","A9_ZONE3","A10_ZONE1","A10_ZONE2","A10_ZONE3","A11_ZONE1","A11_ZONE2","A11_ZONE3","A12_ZONE1","A12_ZONE2","A12_ZONE3","A13_ZONE1","A13_ZONE2","A13_ZONE3","A14_ZONE1","A14_ZONE2","A14_ZONE3","A15_ZONE1","A15_ZONE2","A15_ZONE3"
2402.306,"","","TOTAL_ZONE_DISTANCES",0.0,25.1,0.0,44.7,0.0,0.0,54.1,0.0,0.0,0.0,0.0,8.8,0.0,0.0,22.1,0.0,0.0,13.1,0.0,0.0,0.0,0.0,0.0,0.0,11.3,0.0,0.0,9.9,0.0,0.0,0.0,0.0,8.5,11.1,0.0,0.0,0.0,61.1,0.0,9.9,0.0,0.0,28.1,30.0,0.0
2402.308,"","","TOTAL_ZONE_COUNTS",0,4,0,3,0,0,73,0,0,0,0,1,0,0,1,0,0,40,0,0,0,10,0,0,1,0,0,1,0,0,0,0,1,1,0,0,0,169,0,1,0,0,47,3,0
2402.309,"","","TOTAL_ZONE_TIMERS",0.000,940.155,0.000,1656.022,0.000,0.000,1064.525,0.000,0.000,0.000,0.000,1196.574,0.000,0.000,1800.958,0.000,0.000,1619.137,0.000,0.000,0.000,10.198,0.000,0.000,1800.956,0.000,0.000,1800.956,0.000,0.000,0.000,0.000,1800.956,1611.085,0.000,0.000,0.000,1369.473,0.000,1800.955,0.000,0.000,147.692,405.355,0.000
2402.310,"Info","2021-04-22 00:03:42","Service 'E_ymaze_droso' : Execution end"
